ARC,ARC_2DIGIT,impl_rate,n_recs,median_benchmark_energy,median_benchmark_dollar,median_technical_total,median_real_historical_value,median_state_year_standardized_value,median_current_value,sector_mode,primary_source_group_mode,primary_fuel_bucket_mode
2.1233,2.1,0.6593773165307635,2698,571.0,2713.5,570.5,3284.723838110961,2579.774,3578.7700000000004,Unknown,natural_gas,steam_or_thermal
2.1311,2.1,0.2555768005098789,1569,0.0,5715.0,309.09308000000004,7500.0,5332.1991501600005,9338.74052548,Unknown,electricity,electricity
2.1213,2.1,0.25210084033613445,357,362.0,1628.0,361.402452,2095.479252433556,1627.1999999999998,2460.26,Unknown,natural_gas,steam_or_thermal
2.1224,2.1,0.3096774193548387,310,2187.5,16935.3,2327.5,17957.37990170712,16629.825,18042.379999999997,Metal/Machinery/Electronics,natural_gas,steam_or_thermal
2.1131,2.1,0.4489051094890511,274,183.050784,1077.0,183.050784,1226.70904117971,954.89297902,1317.02,Unknown,natural_gas,steam_or_thermal
2.1123,2.1,0.35661764705882354,272,215.5,1045.5,215.5,1130.5,912.1200000000001,1330.6299999999999,Unknown,natural_gas,steam_or_thermal
2.1321,2.1,0.22540983606557377,244,768.2332544000001,14431.5,1018.0,14431.5,13172.859999999999,14287.8194,Metal/Machinery/Electronics,natural_gas,steam_or_thermal
2.1221,2.1,0.2605042016806723,238,1767.0,10179.5,1767.0,12016.5,10704.505000000001,12320.545,Metal/Machinery/Electronics,natural_gas,steam_or_thermal
2.1133,2.1,0.6,235,1066.0,6485.0,1066.0,7267.0,6756.75,6232.27,Unknown,natural_gas,steam_or_thermal
2.1113,2.1,0.4460093896713615,213,1900.0,10491.0,1781.0,13400.0,10948.318800000001,11007.4,Metal/Machinery/Electronics,natural_gas,steam_or_thermal
2.1243,2.1,0.305,200,1245.5,7052.5,1227.0,7947.5,6028.41,7311.01,Unknown,natural_gas,steam_or_thermal
2.1222,2.1,0.3050847457627119,177,502.0,2117.0,502.0,2447.0,2286.31,3020.16,Unknown,natural_gas,steam_or_thermal
2.1116,2.1,0.34523809523809523,168,1830.5307579999999,12427.5,1830.5307579999999,13030.983623882854,14381.82,15009.0202288,Metal/Machinery/Electronics,natural_gas,steam_or_thermal
2.1121,2.1,0.3625,160,300.5,2693.225,300.5,2810.5,2402.229574593,2528.1490000000003,Metal/Machinery/Electronics,natural_gas,steam_or_thermal
2.1135,2.1,0.6016260162601627,123,619.707912,3833.0,619.707912,4516.0,4162.400000000001,4136.0,Unknown,natural_gas,steam_or_thermal
2.1232,2.1,0.6486486486486487,111,640.0,3649.0,640.0,4058.0,4168.0,5458.96,Unknown,natural_gas,steam_or_thermal
2.1331,2.1,0.3394495412844037,109,0.0,26417.84,3902.0,29682.17803715908,30778.306977599997,47223.0,Unknown,natural_gas,steam_or_thermal
2.1231,2.1,0.7021276595744681,94,866.5,4543.5,866.5,5303.782906037524,4977.280000000001,6613.3099999999995,Unknown,natural_gas,steam_or_thermal
2.1241,2.1,0.37349397590361444,83,705.0,4657.0,605.0,5024.0,4464.24,4253.9,Food/Beverage/Tobacco,natural_gas,steam_or_thermal
2.1212,2.1,0.4024390243902439,82,1661.5,8811.5,1661.5,11226.470785941809,9003.01,10118.09,Unknown,natural_gas,steam_or_thermal
2.1332,2.1,0.2857142857142857,77,0.0,8130.0,1213.0,10006.821892040622,9319.84,27420.729072000002,Unknown,petroleum,steam_or_thermal
2.1223,2.1,0.2894736842105263,76,2048.0003699999997,17062.0,2338.8,18434.5,19975.515494080002,23044.059999999998,Unknown,natural_gas,steam_or_thermal
2.1122,2.1,0.2916666666666667,72,952.25,4622.5,952.25,5237.142671174203,3903.9750627800004,5107.8211626,Unknown,natural_gas,steam_or_thermal
2.1336,2.1,0.3,60,4122.5,100562.0,7006.21126,100562.0,72471.68417759199,90687.48999999999,Utilities,natural_gas,steam_or_thermal
2.1242,2.1,0.5625,32,222.5,1712.0,222.5,2075.6679944336506,1030.48261272,1711.76,Unknown,natural_gas,steam_or_thermal
2.1114,2.1,0.4782608695652174,23,978.0,7370.0,978.0,8107.0,7896.7,7520.5199999999995,Unknown,natural_gas,steam_or_thermal
2.1211,2.1,0.36363636363636365,22,156.0,5061.0,603.0,5061.0,4276.16378504,6598.5650000000005,Unknown,natural_gas,steam_or_thermal
2.1111,2.1,0.35294117647058826,17,1754.0,11010.0,1754.0,11010.0,10047.07,9550.4,Unknown,natural_gas,steam_or_thermal
2.1117,2.1,0.0,17,432.0,10888.0,582.5,11196.0,7354.88,7102.26780956,Metal/Machinery/Electronics,natural_gas,steam_or_thermal
2.1392,2.1,0.1875,16,2453.5,13385.0,1765.0,14607.234178129642,15907.144544,14941.526656,Food/Beverage/Tobacco,natural_gas,steam_or_thermal
2.1134,2.1,0.8,15,81.91870800000001,765.0,81.91870800000001,765.0,635.25,1094.94,Metal/Machinery/Electronics,natural_gas,steam_or_thermal
2.1333,2.1,0.3333333333333333,15,0.0,27915.0,19764.0,36008.0,84234.59999999999,104184.90000000001,Unknown,natural_gas,steam_or_thermal
2.1132,2.1,0.18181818181818182,11,229.503272,2440.0,229.503272,2461.0,1505.40108184,2466.2024712,Educational Services,natural_gas,steam_or_thermal
2.1125,2.1,0.0,10,65236.5,306630.5,65236.5,315485.05951758305,421022.64,435879.17,Metal/Machinery/Electronics,natural_gas,steam_or_thermal
2.2511,2.2,0.451039962608086,4279,209.94036,1814.0,209.94036,2200.0,1733.659377728,2329.621476,Unknown,natural_gas,steam_or_thermal
2.2437,2.2,0.2878535773710483,3606,499.2,3405.0,501.0,4069.86550138457,3011.12798706,3702.2,Unknown,natural_gas,steam_or_thermal
2.2414,2.2,0.18776595744680852,1880,1684.4,9163.5,1682.4,10627.0,9379.919999999998,10727.275000000001,Unknown,natural_gas,steam_or_thermal
2.2136,2.2,0.576072821846554,1538,289.5,1588.0,285.5,1919.943293337179,1550.44,1989.998,Unknown,natural_gas,steam_or_thermal
2.2135,2.2,0.7756788665879575,847,706.7,3929.0,706.7,4466.058792901924,3793.2,4531.2,Unknown,natural_gas,steam_or_thermal
2.2514,2.2,0.3617886178861789,492,378.925576,2885.0,378.925576,3112.5,2647.018352,3566.505,Unknown,natural_gas,steam_or_thermal
2.2515,2.2,0.3791469194312796,422,304.29069000000004,3018.5,307.001524,3470.4016555902053,2909.3906655600003,3674.5149760000004,Unknown,natural_gas,steam_or_thermal
2.2113,2.2,0.7401960784313726,408,1688.5,10195.5,1688.5,11126.554049051098,11042.16,12997.145,Unknown,natural_gas,steam_or_thermal
2.2614,2.2,0.2236180904522613,398,362.58471,7406.224,362.58471,8689.062670364501,7550.9257811200005,10991.49822738,Unknown,electricity,electricity
2.2443,2.2,0.2885714285714286,350,1062.5,7088.5,1077.5,8392.308872512258,6636.74,9251.869999999999,Unknown,natural_gas,steam_or_thermal
2.2628,2.2,0.26666666666666666,330,343.74194,7535.5,356.80478200000005,8295.8379004329,5823.8533714800005,8544.25496068,Metal/Machinery/Electronics,electricity,electricity
2.2621,2.2,0.3486238532110092,327,446.53185199999996,7349.0,446.53185199999996,8766.0,6269.434845,11392.5369792,Unknown,electricity,electricity
2.2121,2.2,0.484472049689441,322,1488.5,10553.0,1488.5,13092.425859502397,8418.950171280001,10855.275000000001,Unknown,natural_gas,steam_or_thermal
2.2122,2.2,0.5562700964630225,311,104.0,454.0,102.0,622.9575586962792,447.11999999999995,727.65,Unknown,natural_gas,steam_or_thermal
2.2622,2.2,0.3614864864864865,296,747.656206,17588.705,747.656206,20094.777647927378,13444.63736184,17933.60962302,Metal/Machinery/Electronics,electricity,electricity
2.2442,2.2,0.21160409556313994,293,1472.0,8965.0,1472.0,9888.093558628814,9179.08,10429.65,Metal/Machinery/Electronics,natural_gas,steam_or_thermal
2.2449,2.2,0.24907063197026022,269,1269.0,8805.349494,1280.0,9299.284331882534,8384.32,8803.76,Unknown,natural_gas,steam_or_thermal
2.2444,2.2,0.29107981220657275,213,1712.0,9026.0,1712.0,10447.0,8522.880000000001,12621.455000000002,Unknown,natural_gas,steam_or_thermal
2.2531,2.2,0.42105263157894735,209,320.0,2790.0,320.0,3305.0,2278.152,3192.16,Unknown,natural_gas,steam_or_thermal
2.2625,2.2,0.4187192118226601,203,158.16326,2785.0,158.16326,2953.0,2921.5367031600003,3698.01656392,Chemical/Plastics/Paper/Rubber,electricity,electricity
2.2211,2.2,0.4648648648648649,185,387.395852,4978.0,408.0,5420.0,4378.9608,5001.18,Metal/Machinery/Electronics,natural_gas,steam_or_thermal
2.2441,2.2,0.2774566473988439,173,1376.0,8856.0,1322.0,9268.014303902688,7686.91,9332.4,Unknown,natural_gas,steam_or_thermal
2.2163,2.2,0.4782608695652174,161,266.0,1533.0,266.0,2014.0,1559.3,1974.02060848,Unknown,natural_gas,steam_or_thermal
2.2523,2.2,0.4722222222222222,144,169.85789,2804.0,172.616492,3210.4,2270.7995684199996,3530.37374432,Unknown,electricity,electricity
2.2424,2.2,0.2,140,2322.5,14252.0,2322.5,17183.62875255373,14963.49,17571.5,Metal/Machinery/Electronics,natural_gas,steam_or_thermal
2.2123,2.2,0.5681818181818182,132,105.95,682.0,105.95,811.1494106758716,702.6400000000001,932.61,Unknown,natural_gas,steam_or_thermal
2.2426,2.2,0.21774193548387097,124,1368.499662,7924.5,1368.499662,10060.445287817598,9223.205000000002,9697.380000000001,Unknown,natural_gas,steam_or_thermal
2.2425,2.2,0.18699186991869918,123,1622.0,10400.0,1566.0,11396.0,11309.119999999999,11309.119999999999,Unknown,natural_gas,steam_or_thermal
2.2612,2.2,0.28688524590163933,122,499.342788,8739.0,499.342788,10506.539906226757,8502.399956680001,15073.25564142,Unknown,electricity,electricity
2.2492,2.2,0.1592920353982301,113,1651.0,12003.0,1653.0,13639.0,12726.56,14813.61992352,Unknown,natural_gas,steam_or_thermal
2.2522,2.2,0.4247787610619469,113,191.000348,2460.0,191.000348,3113.0,2272.09399368,2832.6007736,Unknown,electricity,electricity
2.2427,2.2,0.25225225225225223,111,1421.0,9563.0,1421.0,10592.0,9232.44,12330.45,Unknown,natural_gas,steam_or_thermal
2.2447,2.2,0.2980769230769231,104,1195.5,9179.5,1195.5,10257.0,7925.556502312,10476.08,Unknown,natural_gas,steam_or_thermal
2.2691,2.2,0.3854166666666667,96,322.71514880000007,6064.0,322.71514880000007,6973.806749972928,6422.987281739999,8794.53590848,Unknown,electricity,electricity
2.2532,2.2,0.4788732394366197,71,370.0,2531.0,338.001424,2653.0,1717.9800000000002,2902.2028516799996,Unknown,natural_gas,steam_or_thermal
2.2314,2.2,0.17142857142857143,70,1611.6912,26340.5,1675.4786364,28264.733922528703,20805.735,19956.06475176,Metal/Machinery/Electronics,natural_gas,steam_or_thermal
2.2623,2.2,0.42857142857142855,70,214.122619,3968.5,214.122619,4139.320450642781,4449.82135988,5375.8978454200005,Unknown,electricity,electricity
2.2692,2.2,0.171875,64,712.3130040000001,16501.0,712.3130040000001,19244.5897451648,14419.012130760002,15413.68625248,Chemical/Plastics/Paper/Rubber,electricity,electricity
2.2711,2.2,0.4032258064516129,62,226.401806,2322.5,231.500468,2322.5,2222.5253700576,3271.1807944800003,Unknown,electricity,electricity
2.2212,2.2,0.4482758620689655,58,384.0,4166.0,341.0,4332.983508000614,3268.3296535599998,3323.78642464,Unknown,natural_gas,steam_or_thermal
2.2694,2.2,0.44642857142857145,56,213.12375600000001,2829.5,213.12375600000001,3798.5,3339.28096524,5109.457648560001,Unknown,electricity,electricity
2.2611,2.2,0.37037037037037035,54,204.39586,3033.475,204.39586,3157.0,4197.8039116360005,5508.1014663999995,Unknown,electricity,electricity
2.2223,2.2,0.5094339622641509,53,297.000952,3642.0,308.15,3892.0,2430.36,3981.52,Unknown,natural_gas,steam_or_thermal
2.2153,2.2,0.5490196078431373,51,431.0,2610.0,431.0,2883.3613804075144,2019.3700000000001,3389.35,Unknown,natural_gas,steam_or_thermal
2.2422,2.2,0.24,50,3409.5,15511.5,3409.5,19879.038050896103,16077.805,22657.266856000002,Unknown,natural_gas,steam_or_thermal
2.2162,2.2,0.325,40,1436.0,10550.5,1436.0,10990.756560613732,9758.406675440001,12994.73,Chemical/Plastics/Paper/Rubber,natural_gas,steam_or_thermal
2.2428,2.2,0.3076923076923077,39,1732.0,7910.0,1732.0,10651.0,5754.360000000001,8772.45,Unknown,natural_gas,steam_or_thermal
2.2491,2.2,0.18421052631578946,38,693.0,3405.5,693.0,3779.082963654164,3190.735,5514.545,Unknown,natural_gas,steam_or_thermal
2.2626,2.2,0.3055555555555556,36,414.69959800000004,6816.0,414.69959800000004,8779.487491243342,6522.344227,9119.07893392,Food/Beverage/Tobacco,electricity,electricity
2.2696,2.2,0.3235294117647059,34,284.89347,6124.5,284.89347,6124.5,5081.11416456,6610.5742820000005,Food/Beverage/Tobacco,electricity,electricity
2.2111,2.2,0.3870967741935484,31,433.5,1932.0,433.5,2051.0,1869.66,3162.51,Unknown,natural_gas,steam_or_thermal
2.2312,2.2,0.3333333333333333,24,438.103784,3530.0,485.2,4619.697374675512,4963.44588104,5281.26348348,Metal/Machinery/Electronics,natural_gas,steam_or_thermal
2.2127,2.2,0.4090909090909091,22,3414.5,16785.5,3414.5,18886.998445707988,17322.93,16085.575,Chemical/Plastics/Paper/Rubber,natural_gas,steam_or_thermal
2.2128,2.2,0.5,22,1310.0,19057.5,1310.0,19057.5,9564.51,8775.235,Food/Beverage/Tobacco,natural_gas,steam_or_thermal
2.2221,2.2,0.14285714285714285,21,288.276468,7697.0,495.67830000000004,7697.0,3551.5660857599996,5583.91518516,Unknown,electricity,electricity
2.2524,2.2,0.3,20,586.663566,5563.0,586.663566,6181.625,6186.7525392,9569.41953328,Metal/Machinery/Electronics,natural_gas,steam_or_thermal
2.2533,2.2,0.3,20,261.34605999999997,2540.0550000000003,261.34605999999997,3040.1582036481923,2517.51205896,2354.5756413,Metal/Machinery/Electronics,natural_gas,steam_or_thermal
2.2191,2.2,0.21052631578947367,19,4630.0,16158.0,4630.0,16158.0,16320.000000000002,21761.0,Unknown,natural_gas,steam_or_thermal
2.2525,2.2,0.3157894736842105,19,486.0,8129.0,486.0,8336.0,6092.46733648,8736.002912,Unknown,electricity,electricity
2.2421,2.2,0.2777777777777778,18,6127.612932,63488.0,6753.725168,67039.43777930317,57243.701328,88872.3,Chemical/Plastics/Paper/Rubber,natural_gas,steam_or_thermal
2.2615,2.2,0.7222222222222222,18,309.036782,4288.5,309.036782,4288.5,5844.592258120001,6426.897689640001,Metal/Machinery/Electronics,electricity,electricity
2.2693,2.2,0.058823529411764705,17,1495.6614596,28169.0,1495.6614596,31366.744705779445,32956.71729208,47034.121927680004,Unknown,electricity,electricity
2.2521,2.2,0.5625,16,218.93504000000001,1708.5,218.93504000000001,2001.059728590094,2178.17508632,3481.0196464,Unknown,electricity,steam_or_thermal
2.2311,2.2,0.26666666666666666,15,424.7946824,3094.0,424.7946824,3282.8374733343876,3944.82,3919.8,Unknown,natural_gas,steam_or_thermal
2.2124,2.2,0.5,14,2874.5,18499.5,2874.5,18499.5,17292.345,16247.2,Chemical/Plastics/Paper/Rubber,natural_gas,steam_or_thermal
2.2624,2.2,0.21428571428571427,14,822.878864,14138.0,822.878864,15159.0,12649.64856116,20867.95533244,Unknown,electricity,electricity
2.2164,2.2,0.6666666666666666,12,108.500156,876.0,108.500156,916.5,963.6169219200001,1015.51949468,Unknown,natural_gas,steam_or_thermal
2.2222,2.2,0.3333333333333333,12,96.19792799999999,3611.0,376.5,5225.157712915712,2283.54353296,2582.52192992,Food/Beverage/Tobacco,natural_gas,steam_or_thermal
2.2114,2.2,0.6363636363636364,11,608.0,3630.0,608.0,4384.393772963724,2170.56,5000.8,Unknown,natural_gas,steam_or_thermal
2.3131,2.3,0.3281573498964803,966,2.7586019999999998,5966.5,2.7932338000000003,6427.32,50.88588901200001,65.14092134399999,Metal/Machinery/Electronics,electricity,electricity
2.3212,2.3,0.3572961373390558,932,4.621554,8390.5,4.621554,9196.5,76.9270373,94.3629544,Metal/Machinery/Electronics,electricity,electricity
2.3132,2.3,0.40896358543417366,357,0.75173184,2231.0,0.75173184,2390.9549963144627,15.443446262400002,20.739552662400005,Metal/Machinery/Electronics,electricity,electricity
2.3191,2.3,0.35691318327974275,311,4.0944,8582.0,4.510664,9270.0,69.21910752000001,97.93804800000001,Unknown,electricity,electricity
2.3415,2.3,0.1213235294117647,272,0.0,170474.5,11794.95986,195635.48871057515,207629.87643200002,323349.2460543,Unknown,electricity,electricity
2.3137,2.3,0.40384615384615385,104,3.2562422,10565.5,3.3608200000000004,12500.502103920944,73.29596984,96.95062202400001,Unknown,electricity,electricity
2.3134,2.3,0.2696629213483146,89,2.088144,5404.0,2.088144,6553.547466106358,33.06883104,50.66608456,Unknown,electricity,electricity
2.3417,2.3,0.11627906976744186,86,1117.2843860000035,267740.66000000003,17611.5,288665.5,310785.3341609,420679.42873368005,Chemical/Plastics/Paper/Rubber,electricity,electricity
2.3412,2.3,0.0975609756097561,82,4258.476256,129087.5,9554.098151999999,161285.3209491187,171737.92351266,218005.48044214002,Unknown,electricity,electricity
2.3192,2.3,0.26153846153846155,65,0.0,23742.6,211.14138400000002,27979.85,3540.3638756,4805.57789984,Metal/Machinery/Electronics,electricity,electricity
2.3413,2.3,0.078125,64,0.0,103110.5,7338.64049,125227.05972495872,136999.50050868,179422.23281848,Unknown,electricity,electricity
2.3416,2.3,0.07692307692307693,52,22.031574000001456,367207.5,28388.887484,432075.3317772135,394071.87455884,624596.3999985601,Unknown,electricity,electricity
2.3414,2.3,0.12244897959183673,49,12216.773856,224192.0,15012.8,276152.95846616145,253716.31999999998,311560.36544,Chemical/Plastics/Paper/Rubber,electricity,electricity
2.3321,2.3,0.09523809523809523,42,1768.802978,81776.0,6188.832316,87090.93178074647,103823.17597376,144283.51805184002,Chemical/Plastics/Paper/Rubber,electricity,electricity
2.3512,2.3,0.35294117647058826,34,70.50045,1312.5,70.50045,2100.4639266092627,1228.18802384,1792.572338212,Unknown,electricity,electricity
2.3113,2.3,0.13793103448275862,29,56.09328,28327.0,56.09328,33896.0,835.7898720000001,1357.457376,Chemical/Plastics/Paper/Rubber,electricity,electricity
2.3322,2.3,0.20689655172413793,29,714.087244,20946.0,748.2516,20946.0,20683.271040000003,27521.901696,Utilities,electricity,electricity
2.3141,2.3,0.14285714285714285,28,67.55179960000001,21034.5,67.55179960000001,21034.5,3536.589430782,3536.589430782,Metal/Machinery/Electronics,electricity,electricity
2.3312,2.3,0.21739130434782608,23,564.9623720000001,14209.0,564.9623720000001,14209.0,12773.799230920002,17312.14857424,Unknown,electricity,electricity
2.3411,2.3,0.13636363636363635,22,1345.184412,33393.5,2306.552944,51745.75043595859,32416.773273599996,48664.11709208001,Chemical/Plastics/Paper/Rubber,electricity,electricity
2.3112,2.3,0.17647058823529413,17,8.233156000000001,24735.05,8.233156000000001,24735.05,256.25211840000003,296.30486988,Metal/Machinery/Electronics,electricity,electricity
2.3136,2.3,0.17647058823529413,17,73.99945600000001,835.0,73.99945600000001,1329.9176175890354,990.26551064,1433.3694627200002,Unknown,electricity,electricity
2.3311,2.3,0.4666666666666667,15,813.925776,17849.0,813.925776,19275.589760260544,18621.355438847997,32489.527506552004,Chemical/Plastics/Paper/Rubber,electricity,electricity
2.3135,2.3,0.45454545454545453,11,1.907308,4367.0,1.907308,7117.984944745511,20.42726868,47.73991924,Unknown,electricity,electricity
2.4236,2.4,0.7373894007114841,10963,138.41426280000002,2674.0,138.64662,3052.0,2422.8008076,3345.7017009600004,Unknown,electricity,electricity
2.4231,2.4,0.4660910518053375,6370,77.114612,1649.5,77.114612,1862.0,1396.951656438,1927.48595384,Metal/Machinery/Electronics,electricity,electricity
2.4221,2.4,0.43625922887612795,6095,50.999164,949.0,50.999164,1189.62959057194,815.6483924400001,1248.79128348,Unknown,electricity,electricity
2.4133,2.4,0.5996097214830584,5637,89.926672,1740.0,89.998324,2422.520594434638,1375.3151016,2370.9945350000003,Unknown,electricity,electricity
2.4111,2.4,0.5230250842381131,5342,63.998884,1279.5,63.998884,1590.578555527437,1047.9125444704,1576.3731726,Unknown,electricity,electricity
2.4146,2.4,0.2802132701421801,5064,332.105314,7626.5,332.105314,8256.017204637923,7605.26177876,10220.05323324,Metal/Machinery/Electronics,electricity,electricity
2.4239,2.4,0.42737003058103973,2616,129.49393,2857.0,130.53970800000002,3151.4587680842856,2442.7358352288,3254.863752,Metal/Machinery/Electronics,electricity,electricity
2.4322,2.4,0.3771991555242787,1421,186.11299920000002,4318.0,199.0,4845.0,3402.67868896,4625.574700800001,Metal/Machinery/Electronics,electricity,electricity
2.4314,2.4,0.45750452079566006,1106,56.1727796,1156.5,56.1727796,1442.2965743432665,863.2127131,1246.19267016,Unknown,electricity,electricity
2.4224,2.4,0.3982808022922636,1047,341.2,6499.0,342.7354,7077.374550526623,5877.2906087408,8049.38881904,Metal/Machinery/Electronics,electricity,electricity
2.4226,2.4,0.40658174097664546,942,319.904002,6407.0,320.501102,7344.520219179762,5729.18023216,7650.545825700001,Metal/Machinery/Electronics,electricity,electricity
2.4151,2.4,0.7449139280125195,639,107.157272,2175.0,107.157272,2327.6799549507828,2019.2888559792,2486.32289872,Metal/Machinery/Electronics,electricity,electricity
2.4312,2.4,0.42387543252595156,578,81.00088000000001,1500.0,81.00088000000001,1816.5591849721595,1245.79126542,2072.98134496,Unknown,electricity,electricity
2.4131,2.4,0.35,400,264.630455,5970.0,264.630455,6977.037206449984,5050.2217971400005,7570.53985078,Unknown,electricity,electricity
2.4323,2.4,0.34190231362467866,389,190.67962,4846.0,192.000064,5419.0,3505.4985924400003,4344.22421748,Metal/Machinery/Electronics,electricity,electricity
2.4157,2.4,0.8442028985507246,276,238.802468,4449.5,238.802468,4625.166830823813,4470.042263400001,5377.4242548,Chemical/Plastics/Paper/Rubber,electricity,electricity
2.4321,2.4,0.46543778801843316,217,246.817256,6450.0,246.817256,6846.0,4252.71161376,5999.81256576,Unknown,electricity,electricity
2.4324,2.4,0.28365384615384615,208,155.46266200000002,3695.0,155.46266200000002,4266.9691188040915,3501.2300610200004,5122.7284294408,Chemical/Plastics/Paper/Rubber,electricity,electricity
2.4235,2.4,0.5376884422110553,199,141.533172,2347.0,141.533172,2650.0,2679.0856811999997,3159.39271648,Metal/Machinery/Electronics,electricity,electricity
2.4222,2.4,0.46153846153846156,117,149.998344,3587.0,149.998344,3910.0,3087.3509295999997,3473.7225340799996,Chemical/Plastics/Paper/Rubber,electricity,electricity
2.4112,2.4,0.4224137931034483,116,64.19678,5017.5,64.19678,5017.5,1203.5159712599998,1446.19703026,Chemical/Plastics/Paper/Rubber,electricity,electricity
2.4227,2.4,0.651685393258427,89,60.00002,1420.0,60.00002,1546.0,1257.3902400000002,1598.2918606,Metal/Machinery/Electronics,electricity,electricity
2.4113,2.4,0.18666666666666668,75,344.540348,5176.0,344.540348,6027.246780328205,6218.9532814,7575.49327296,Chemical/Plastics/Paper/Rubber,electricity,electricity
2.4225,2.4,0.3783783783783784,74,216.148494,4071.5,216.148494,4235.421346723623,3740.6373572,5014.336616,Metal/Machinery/Electronics,electricity,electricity
2.4237,2.4,0.40625,64,209.851648,4424.5,209.851648,4962.5,3295.6508511800002,4452.69877738,Metal/Machinery/Electronics,electricity,electricity
2.4234,2.4,0.3793103448275862,58,143.488248,2252.0,143.488248,2563.2106512823175,2167.99573546,2978.3944076400003,Metal/Machinery/Electronics,electricity,electricity
2.4223,2.4,0.34545454545454546,55,116.601688,3553.0,116.601688,3614.0,3960.5794834,5025.96239184,Metal/Machinery/Electronics,electricity,electricity
2.4238,2.4,0.5106382978723404,47,103.001456,1786.0,103.001456,1866.0,1300.9232656,2005.3310068000003,Metal/Machinery/Electronics,electricity,electricity
2.4156,2.4,0.7209302325581395,43,321.676536,6454.0,321.676536,6607.0,5550.3829704,6700.7988216,Metal/Machinery/Electronics,electricity,electricity
2.4313,2.4,0.45454545454545453,33,181.64923313999998,4668.0,181.64923313999998,4752.593966313142,3513.0961689276,4269.52987356,Utilities,electricity,electricity
2.4311,2.4,0.4,30,164.709182,4676.5,164.709182,5636.574546802311,3055.94306016,7246.91868124,Unknown,electricity,electricity
2.4134,2.4,0.1111111111111111,27,0.0,22438.0,1938.998656,36991.63174397032,32638.336202159997,45053.07361308,Unknown,electricity,electricity
2.4152,2.4,0.5909090909090909,22,94.220674,1607.5,94.220674,1676.6073591631298,1570.0792268,1794.9038397000002,Chemical/Plastics/Paper/Rubber,electricity,electricity
2.4325,2.4,0.11764705882352941,17,210.291796,4792.0,210.291796,5663.384887786924,4157.30445088,4870.35799536,Metal/Machinery/Electronics,electricity,electricity
2.4154,2.4,0.5,16,126.20476199999999,2669.0,126.20476199999999,2717.3678869086925,2242.36749184,2872.42038312,Unknown,electricity,electricity
2.4145,2.4,0.3076923076923077,13,239.44051199999998,8920.0,239.44051199999998,8920.0,7999.9826496,11009.070488000001,Food/Beverage/Tobacco,electricity,electricity
2.5194,2.5,0.32857142857142857,140,597.500812,10456.5,597.500812,11087.262142993814,7136.423291839999,9985.08004634,Unknown,electricity,electricity
2.5123,2.5,0.36,125,360.32426000000004,5887.0,360.999836,6626.95675379868,4679.8077925200005,7547.182441800001,Unknown,electricity,electricity
2.5195,2.5,0.2558139534883721,43,628.531344,14598.0,1043.8058640000002,14598.0,12413.494044000001,17484.600000000002,Unknown,electricity,electricity
2.5111,2.5,0.2564102564102564,39,2454.0,16518.0,2454.0,18819.689429477934,17392.199999999997,14658.0,Chemical/Plastics/Paper/Rubber,natural_gas,steam_or_thermal
2.5121,2.5,0.25,36,281.9748452,8670.0,281.9748452,11317.137048745313,4890.82098768,8320.09628488,Unknown,electricity,electricity
2.5122,2.5,0.5757575757575758,33,200.547124,4089.0,200.547124,4264.025333618511,3649.9576567999998,3819.92179648,Unknown,electricity,electricity
2.5192,2.5,0.3,30,5306.5,23829.0,5306.5,23829.0,23498.6,27337.550000000003,Unknown,natural_gas,steam_or_thermal
2.5191,2.5,0.30434782608695654,23,3252.0,22584.0,3252.0,22584.0,21408.0,22560.0,Unknown,natural_gas,steam_or_thermal
2.5196,2.5,0.4090909090909091,22,387.70556,6765.5,387.70556,7684.5,5281.421714979999,8730.05190632,Unknown,electricity,electricity
2.5113,2.5,0.23809523809523808,21,2323.61942,21456.0,3215.0,25155.914581379508,20274.8,25568.0,Unknown,natural_gas,steam_or_thermal
2.5125,2.5,0.4,15,247.37,7607.0,247.37,9530.0,3577.45033664,5145.296,Unknown,electricity,electricity
2.5115,2.5,0.2727272727272727,11,265.0,2175.0,265.0,2214.4155691369074,2902.5,2960.63525472,Metal/Machinery/Electronics,electricity,electricity
2.6218,2.6,0.552892561983471,2420,164.775716,2800.5,164.934374,3264.555611047648,2540.80535646,3713.7020056,Metal/Machinery/Electronics,electricity,electricity
2.6212,2.6,0.5306915306915307,1287,109.999468,1774.0,109.999468,2033.1898352029446,1573.8109312000001,2332.9928732,Unknown,electricity,electricity
2.6232,2.6,0.5230769230769231,1040,80.76040224,1251.5,82.000596,1744.7255596657951,1045.5983375,1598.4862438200003,Unknown,electricity,electricity
2.6231,2.6,0.3826429980276134,1014,205.8325088,4129.0,205.8325088,4472.632683400645,4074.01787208,4975.2494498,Metal/Machinery/Electronics,electricity,electricity
2.6211,2.6,0.21875,608,16.253062,346.5,16.253062,357.0,337.561743456,386.35369148,Metal/Machinery/Electronics,electricity,electricity
2.6221,2.6,0.5958083832335329,334,323.974518,5665.0,332.499528,6746.859650587508,4747.298479788,7024.324866319999,Unknown,electricity,electricity
2.6121,2.6,0.6750788643533123,317,31.001432,316.0,31.001432,353.0,248.49589176,389.15999999999997,Unknown,electricity,steam_or_thermal
2.6242,2.6,0.4788732394366197,142,178.36372,3610.5,178.36372,4125.261798737346,3048.50530134,4097.0572144200005,Unknown,electricity,electricity
2.6214,2.6,0.6231884057971014,138,60.0,298.5,60.0,346.59030466801283,247.125,343.73,Unknown,natural_gas,steam_or_thermal
2.6127,2.6,0.6666666666666666,111,71.164084,1375.0,71.164084,1484.897524811376,1261.7938968560002,1493.58052345,Metal/Machinery/Electronics,electricity,electricity
2.6124,2.6,0.6233766233766234,77,165.000908,2158.0,165.000908,2480.0,1869.84,2676.1093594800004,Unknown,electricity,electricity
2.6222,2.6,0.578125,64,228.999792,5236.0,228.999792,6490.5,2586.04387026,3659.7094848,Unknown,electricity,electricity
2.6125,2.6,0.6851851851851852,54,132.78326859999999,1916.0,132.78326859999999,2136.0,1896.0,2122.8498007999997,Chemical/Plastics/Paper/Rubber,electricity,electricity
2.6241,2.6,0.39622641509433965,53,266.5625,3681.0,266.5625,3681.0,3362.45854476,4113.309304,Unknown,electricity,electricity
2.6122,2.6,0.40540540540540543,37,280.429932,3380.0,280.429932,3652.0,3251.33012328,5428.978029,Unknown,electricity,electricity
2.6213,2.6,0.2608695652173913,23,520.998752,4116.0,520.998752,4439.706548475426,6356.184774399999,6964.95,Unknown,natural_gas,steam_or_thermal
2.6224,2.6,0.35714285714285715,14,97.5738,1832.76,97.5738,2220.6924319904474,997.741798,1159.3453020000002,Unknown,electricity,electricity
2.6215,2.6,0.45454545454545453,11,250.181488,3095.0,250.181488,3666.0,2630.4008768000003,5018.64064928,Metal/Machinery/Electronics,electricity,electricity
2.7142,2.7,0.547780887644942,20008,109.999468,2418.5,111.185138,2999.439258074747,1804.9903088,2696.54734184,Unknown,electricity,electricity
2.7135,2.7,0.37657961246840777,5935,53.998312,1048.68922,53.998312,1199.8032232503451,972.8865568800001,1394.0899728,Metal/Machinery/Electronics,electricity,electricity
2.7261,2.7,0.5237121831561733,2446,217.81355000000002,2033.5,216.509964,2578.434238883839,1869.7769679,2531.04042176,Unknown,natural_gas,steam_or_thermal
2.7111,2.7,0.48196573489630296,2218,97.04239799999999,1945.5,98.31678,2411.1450743827004,1475.84231168,2209.52687242,Unknown,electricity,electricity
2.7447,2.7,0.4331065759637188,1764,256.5,1907.0,257.0,2239.5140408332622,1621.28944078,2233.32360466,Unknown,natural_gas,steam_or_thermal
2.7134,2.7,0.38287153652392947,1191,44.942864,1090.0,44.942864,1277.6634618817006,885.7538351999999,1258.66660096,Metal/Machinery/Electronics,electricity,electricity
2.7221,2.7,0.5623387790197765,1163,269.0,3288.0,269.0,3709.0,2658.6837636799996,3140.5,Metal/Machinery/Electronics,electricity,electricity
2.7124,2.7,0.6336283185840708,1130,65.605936,1201.5,65.605936,1401.1198388019989,1060.1377261399998,1431.0699965,Unknown,electricity,electricity
2.7224,2.7,0.46794871794871795,1092,228.014698,2306.0,229.067546,2641.5315478272523,2110.65515474,2809.9871792800004,Metal/Machinery/Electronics,natural_gas,steam_or_thermal
2.7232,2.7,0.35063663075416257,1021,266.136,6468.0,274.959432,7118.96,5209.748748239999,6029.846627520001,Metal/Machinery/Electronics,electricity,electricity
2.7243,2.7,0.3018867924528302,848,534.203718,3846.0,545.0,4441.269499521836,3435.8,4812.0740115280005,Unknown,natural_gas,steam_or_thermal
2.7231,2.7,0.23876404494382023,712,874.5,6722.5,903.0,7417.0,5653.8386436,6061.0199999999995,Metal/Machinery/Electronics,natural_gas,steam_or_thermal
2.7314,2.7,0.4056603773584906,636,429.50031,3787.5,413.6417204,4478.4390676055955,3688.91776641,5341.7941604,Metal/Machinery/Electronics,natural_gas,steam_or_thermal
2.7241,2.7,0.2566929133858268,635,321.37628,4656.0,321.37628,5692.0,5481.49100544,6971.15573856,Metal/Machinery/Electronics,electricity,electricity
2.7121,2.7,0.41694915254237286,590,75.811228,1392.0,75.811228,1658.3048847471705,1258.8320829600002,1702.0282102200003,Unknown,electricity,electricity
2.7226,2.7,0.42173112338858193,543,300.01033600000005,4740.0,300.01033600000005,5256.127516367865,3930.3590530399997,5571.774227760001,Unknown,electricity,electricity
2.7144,2.7,0.4384920634920635,504,113.119742,2886.0,113.119742,3917.5479876432037,1975.33263456,4194.2356147400005,Unknown,electricity,electricity
2.7492,2.7,0.4,435,265.0,1966.0,264.2,2142.571882773136,1833.4943273999997,2383.55,Unknown,natural_gas,steam_or_thermal
2.7122,2.7,0.4823529411764706,425,42.165496000000005,872.0,42.663648,974.8946725988473,720.6256596000001,966.39345264,Unknown,electricity,electricity
2.7491,2.7,0.24880382775119617,418,369.913686,4050.0,369.913686,4306.7825896860995,3294.805,4237.93,Unknown,natural_gas,steam_or_thermal
2.7145,2.7,0.22413793103448276,406,146.43792200000001,3236.5,146.43792200000001,3470.386358680774,2613.4823724400003,3951.2187296399998,Unknown,electricity,electricity
2.7444,2.7,0.4860759493670886,395,108.0,844.06,108.0,1021.73487968938,667.08,814.0,Unknown,natural_gas,steam_or_thermal
2.7229,2.7,0.37681159420289856,345,263.0,3434.0,263.0,3948.0,2945.25,3643.2,Unknown,electricity,electricity
2.7132,2.7,0.42483660130718953,306,68.41141888000001,1553.0,68.41141888000001,1706.5,1298.47493382,2167.79806124,Unknown,electricity,electricity
2.7425,2.7,0.40784313725490196,255,276.409532,7960.0,277.12946400000004,8686.0,5292.2776242,6001.350081199999,Metal/Machinery/Electronics,electricity,electricity
2.7442,2.7,0.59375,224,223.77640200000002,2209.5,231.223384,2633.4761297009636,2148.69362784,2811.17537148,Metal/Machinery/Electronics,natural_gas,steam_or_thermal
2.7133,2.7,0.48878923766816146,223,72.000024,1187.0,72.99974,1544.9342383968435,1062.65364964,1819.4406064799998,Unknown,electricity,electricity
2.7233,2.7,0.3147208121827411,197,300.0,5028.0,300.0,5367.0,4467.65655888,5312.57060632,Unknown,electricity,electricity
2.7228,2.7,0.4293193717277487,191,116.31079199999999,2350.0,119.0,2701.0,2102.35699308,2492.5879448799997,Unknown,electricity,electricity
2.7131,2.7,0.41578947368421054,190,118.488524,1973.0,118.488524,2295.689078018042,1861.2384424199997,3036.04739814,Unknown,electricity,electricity
2.7123,2.7,0.5053763440860215,186,232.498798,4915.0,250.778588,7740.586362051032,3588.4026178000004,6402.7392113000005,Unknown,electricity,electricity
2.7211,2.7,0.6182795698924731,186,92.071114,1984.0,92.071114,2027.094387505354,1566.5889214000001,1605.4349849600003,Metal/Machinery/Electronics,electricity,electricity
2.7313,2.7,0.2546583850931677,161,1169.828084,10016.0,1134.0,11263.0,9192.0,9624.39,Metal/Machinery/Electronics,natural_gas,steam_or_thermal
2.7494,2.7,0.38562091503267976,153,257.0,1206.0,257.0,1558.0,1155.7,1952.72,Unknown,natural_gas,steam_or_thermal
2.7312,2.7,0.3448275862068966,145,536.0,3844.0,536.0,4506.866874106209,3394.89416824,4697.0,Unknown,natural_gas,steam_or_thermal
2.7141,2.7,0.40714285714285714,140,144.499906,3610.5,144.499906,3946.3599999999997,3150.9072035008,3710.28092968,Metal/Machinery/Electronics,electricity,electricity
2.7496,2.7,0.3208955223880597,134,236.716134,5043.0,236.716134,5616.310163895549,3899.24692386,4640.613432,Metal/Machinery/Electronics,electricity,electricity
2.7234,2.7,0.25252525252525254,99,208.800752,5709.0,217.6856,6413.451288751633,6327.215359,6921.6,Utilities,electricity,electricity
2.7245,2.7,0.29591836734693877,98,422.000638,3853.0,424.999786,4493.688587676721,2881.344801,4356.4400000000005,Unknown,natural_gas,steam_or_thermal
2.7316,2.7,0.5,94,311.27334800000006,2865.5,311.27334800000006,3096.0083049599943,2698.56683758,3731.97413808,Unknown,natural_gas,steam_or_thermal
2.7441,2.7,0.5517241379310345,87,218.999716,1423.0,218.999716,1773.0,1393.92,1941.1,Unknown,natural_gas,steam_or_thermal
2.7252,2.7,0.19767441860465115,86,438.000146,6889.5,438.000146,8212.216674249783,5858.038574800001,7763.538863080001,Unknown,electricity,electricity
2.7423,2.7,0.2125,80,67.6231104,1628.5,67.6231104,1642.5,1223.9304620000003,1200.1747987200001,Metal/Machinery/Electronics,electricity,electricity
2.7493,2.7,0.15384615384615385,78,71.4506446,1326.5,71.4506446,1326.5,1030.17274032,1030.17274032,Educational Services,natural_gas,steam_or_thermal
2.7311,2.7,0.42857142857142855,77,244.12595072,3786.18,244.12595072,4108.1226765367455,3740.078265174,3784.42,Metal/Machinery/Electronics,electricity,electricity
2.7212,2.7,0.4722222222222222,72,79.43988999999999,1280.0,79.43988999999999,1447.0,1151.7048399720002,1489.9835050400002,Unknown,electricity,electricity
2.7292,2.7,0.25862068965517243,58,419.091634,5360.0,419.091634,5530.941272066181,4301.7810795000005,7941.53845008,Metal/Machinery/Electronics,electricity,electricity
2.7251,2.7,0.14285714285714285,56,283.95517,4812.5,283.95517,6838.448598755618,3711.6612372199997,6471.66273726,Unknown,electricity,electricity
2.7272,2.7,0.5098039215686274,51,63.077644,1787.0,63.077644,1787.0,1460.87823504,1509.6347596800001,Utilities,electricity,electricity
2.7291,2.7,0.4117647058823529,51,158.0,3884.0,403.52462176,4505.71931047261,3123.11046384,4427.207746592,Unknown,natural_gas,steam_or_thermal
2.7422,2.7,0.4318181818181818,44,60.500158,737.0,60.500158,1318.219320287445,878.7830850799999,1146.62262844,Unknown,electricity,electricity
2.7264,2.7,0.46511627906976744,43,186.49992,2957.0,186.49992,3193.3396224489006,2423.4700000000003,2824.14,Metal/Machinery/Electronics,natural_gas,steam_or_thermal
2.7262,2.7,0.3684210526315789,38,276.41465,8388.5,276.41465,9592.0,10833.2606199,11281.28389122,Unknown,electricity,electricity
2.7273,2.7,0.1891891891891892,37,1604.649952,28585.0,1604.649952,29790.0,21271.9374618,25552.091963479994,Metal/Machinery/Electronics,electricity,electricity
2.7446,2.7,0.37142857142857144,35,158.0,1291.0,158.0,1468.0098846111782,1130.13301248,1650.5009539200003,Unknown,electricity,electricity
2.7495,2.7,0.3142857142857143,35,171.992096,4297.0,171.992096,4621.663464156357,2825.5499999999997,3053.25,Metal/Machinery/Electronics,natural_gas,steam_or_thermal
2.7421,2.7,0.43333333333333335,30,273.00061800000003,1657.0,273.00061800000003,2358.6900969834182,1598.9292518,2430.0946069,Unknown,natural_gas,steam_or_thermal
2.7263,2.7,0.41379310344827586,29,144.457256,3416.0,144.457256,5839.0,3281.3780627999995,3625.5858090399997,Chemical/Plastics/Paper/Rubber,electricity,electricity
2.7244,2.7,0.44,25,529.998888,4790.0,529.998888,4887.0,4655.88155196,7054.1871142400005,Unknown,natural_gas,steam_or_thermal
2.7227,2.7,0.15789473684210525,19,129.000896,2063.0,129.000896,3362.5836823929444,1680.88167488,2576.14789312,Unknown,electricity,electricity
2.7424,2.7,0.4444444444444444,18,64.867238,1413.0,64.867238,1537.9727645204862,1207.40662368,1680.17839344,Unknown,electricity,electricity
2.7242,2.7,0.4117647058823529,17,949.999748,6380.0,949.999748,7936.392025113812,7389.61135536,9276.6493248,Unknown,electricity,electricity
2.7235,2.7,0.1875,16,199.0,3146.0,481.5,3740.027592558912,2672.83,3124.875,Metal/Machinery/Electronics,natural_gas,steam_or_thermal
2.7293,2.7,0.06666666666666667,15,581.084072,7334.0,581.084072,7812.231275732739,5064.77798624,5499.721867360001,Unknown,electricity,electricity
2.7225,2.7,0.3076923076923077,13,167.0,1875.0,167.0,2198.3286651792773,2590.3211364,2669.6276172,Unknown,electricity,electricity
2.7271,2.7,0.1,10,468.999872,11299.5,468.999872,19744.29325444036,7133.36815544,11682.78681152,Unknown,electricity,electricity
2.8227,2.8,0.125,72,325.8344,10442.15,527.9,10823.987125937001,10142.490705,11232.3378731616,Metal/Machinery/Electronics,petroleum,steam_or_thermal
2.8114,2.8,0.4032258064516129,62,9.309642,12766.5,15.391532,14275.5,164.08144224,235.48313792,Unknown,electricity,electricity
2.8226,2.8,0.2564102564102564,39,251.0,12640.0,417.468436,12640.0,8086.363605320001,9474.1335,Chemical/Plastics/Paper/Rubber,petroleum,steam_or_thermal
2.8112,2.8,0.2,25,2.49076,4532.0,2.49076,6709.0,42.318080640000005,58.57919496000001,Metal/Machinery/Electronics,electricity,electricity
2.8121,2.8,0.6875,16,1.0,3861.5,1.0,3931.4986270871987,4.7,4.7,Metal/Machinery/Electronics,natural_gas,steam_or_thermal
2.8223,2.8,0.4,15,861.0,18916.0,861.0,18916.0,7548.32,16570.4,Unknown,petroleum,steam_or_thermal
2.8118,2.8,0.5,12,223.725968,5129.5,223.725968,5129.5,2808.84977664,3302.1860224,Unknown,electricity,electricity
2.8117,2.8,0.6,10,699.936624,6784.5,699.936624,6784.5,6743.747575360001,5698.36453456,Metal/Machinery/Electronics,electricity,electricity
2.9114,2.9,0.12630844382414516,1433,1498.103428,45764.0,1498.103428,45801.0,40314.18649464,42911.68242729,Metal/Machinery/Electronics,electricity,electricity
2.9112,2.9,0.16326530612244897,98,344.47210800000005,4013.0,344.47210800000005,4013.0,2946.31459098,2710.5299999999997,Metal/Machinery/Electronics,electricity,electricity
2.9113,2.9,0.10204081632653061,49,1760.615884,40764.0,1760.615884,40764.0,31973.169600000005,32955.25736552,Metal/Machinery/Electronics,electricity,electricity
2.9121,2.9,0.11538461538461539,26,4056.192424,138608.8,4056.192424,138608.8,76757.68196348,82549.80264312,Metal/Machinery/Electronics,electricity,electricity
2.9111,2.9,0.0,24,356.5,4383.0,363.0,4383.0,3623.72,2381.2799999999997,Metal/Machinery/Electronics,natural_gas,steam_or_thermal
2.9141,2.9,0.3333333333333333,12,10781.640678,424348.38,10781.640678,461502.2341904737,197653.87917456002,144769.80677286,Food/Beverage/Tobacco,natural_gas,steam_or_thermal
3.1191,3.1,0.3008130081300813,123,324.000108,10072.29,324.000108,11215.696298504572,3715.2969999999996,5644.36384904,Unknown,electricity,electricity
3.1161,3.1,0.32142857142857145,84,176.41916600000002,3583.5,176.41916600000002,3583.5,2400.9077879999995,3007.3562995800003,Metal/Machinery/Electronics,electricity,electricity
3.1192,3.1,0.6086956521739131,23,818.480796,24055.0,818.480796,26399.021956833963,11568.4131808,12017.147546232001,Unknown,electricity,electricity
3.2176,3.2,0.16666666666666666,12,392.4995,10687.5,392.4995,10687.5,4592.77201056,7384.206307320001,Unknown,electricity,electricity
3.3131,3.3,0.5,10,52.033,17201.0,52.033,17201.0,755.4559300000001,1233.56507994,Unknown,electricity,electricity
3.4151,3.4,0.3584905660377358,106,225.967056,4218.0,205.5,5625.553277645852,1335.9683441000002,2625.70565352,Unknown,natural_gas,steam_or_thermal
3.4115,3.4,0.4266666666666667,75,71.000308,7141.0,72.99974,10849.0,888.4068358000001,1320.1401955200001,Unknown,electricity,electricity
3.4154,3.4,0.7058823529411765,68,156.5,1707.5,156.5,1929.3861393766572,1012.795,1662.87067694,Unknown,natural_gas,steam_or_thermal
3.4111,3.4,0.2978723404255319,47,703.0,9734.0,703.0,14803.846567660143,4006.09,6988.800000000001,Unknown,natural_gas,steam_or_thermal
3.4156,3.4,0.38461538461538464,26,220.00046600000002,3213.5,220.00046600000002,3924.380074791135,1715.7307168,1579.4954656,Unknown,electricity,electricity
3.4114,3.4,0.17647058823529413,17,356.243508,19457.0,356.243508,22197.648009905446,6668.9665675999995,7409.8649664,Unknown,electricity,electricity
3.4157,3.4,0.3,10,324.00020800000004,14050.5,324.00020800000004,14858.5,4022.69327152,6444.8531008,Unknown,electricity,electricity
3.5311,3.5,0.16666666666666666,12,1078.42231,48752.5,1078.42231,59992.5,11436.2004,12995.858400000001,Unknown,electricity,electricity
3.6124,3.6,0.10891089108910891,101,200.0,2391.0,210.0,3044.0,1318.6399999999999,1361.1200000000001,Unknown,natural_gas,steam_or_thermal
3.6123,3.6,0.16981132075471697,53,806.0,16438.0,2781.0,23425.0,14407.470000000001,20127.25,Unknown,natural_gas,steam_or_thermal
3.6193,3.6,0.14285714285714285,14,162.580094,6070.0,162.580094,6816.409300402628,2570.6892144000003,3163.3999168,Unknown,electricity,electricity
3.6121,3.6,0.0,12,899.2,17087.0,3485.5,17087.0,15111.585000000001,25894.015,Unknown,natural_gas,steam_or_thermal
3.6122,3.6,0.0,11,3548.0,26471.0,5400.0,26471.0,26244.0,31644.0,Unknown,natural_gas,steam_or_thermal
3.6192,3.6,0.09090909090909091,11,415.00156,28500.0,415.00156,52281.28459914689,5244.75,4985.75,Unknown,electricity,electricity
3.7312,3.7,0.6197183098591549,71,129.304564,2004.12,129.304564,2090.278283450085,2491.2142054399997,2972.1984886,Metal/Machinery/Electronics,electricity,electricity
3.7311,3.7,0.35714285714285715,14,333.92775958000004,5155.5,333.92775958000004,5155.5,5621.548612049601,5116.52931104,Chemical/Plastics/Paper/Rubber,electricity,electricity
4.111,4.1,0.3246753246753247,77,239.925016,38240.0,239.925016,42608.33066555913,4259.615386320001,6516.0,Unknown,electricity,electricity
4.114,4.1,0.2916666666666667,24,2075.372284,61372.5,3651.372862,72145.43555880734,27281.61,22649.54,Unknown,natural_gas,steam_or_thermal
4.132,4.1,0.3333333333333333,21,493.644748,22619.0,493.644748,24823.091982607668,7614.000000000001,5960.142333600001,Metal/Machinery/Electronics,electricity,electricity
4.131,4.1,0.26666666666666666,15,1941.0,38254.0,583.7522560000001,41875.485046776754,6288.84,13455.489500800002,Unknown,electricity,electricity
4.122,4.1,0.38461538461538464,13,310.0,126337.0,310.0,126337.0,4960.868665280001,6376.1490688,Chemical/Plastics/Paper/Rubber,electricity,electricity
4.454,4.4,0.3617021276595745,47,257.118084,8782.0,257.118084,8782.0,3335.5373076399997,5338.52431576,Unknown,electricity,electricity
4.431,4.4,0.37037037037037035,27,158.5727,28299.0,158.5727,33590.0,3864.66703744,6388.8576769599995,Metal/Machinery/Electronics,electricity,electricity
4.445,4.4,0.3888888888888889,18,279.14254400000004,96052.0,279.14254400000004,112760.3720996548,3680.29745354,5627.36565742,Unknown,electricity,electricity
4.424,4.4,0.4117647058823529,17,154.18439032,5448.08,154.18439032,5448.08,2918.7105087576,3840.7331628712,Chemical/Plastics/Paper/Rubber,electricity,electricity
4.452,4.4,0.4166666666666667,12,480.987934,17449.0,480.987934,17449.0,10241.99082372,13561.070360560001,Unknown,electricity,electricity
4.512,4.5,0.41025641025641024,39,746.918752,16230.0,746.918752,18446.409017993752,9774.210537,12503.94208,Metal/Machinery/Electronics,electricity,electricity
4.514,4.5,0.2222222222222222,18,293.947898,31083.750999,293.947898,31083.750999,5482.95048254,5514.8184,Food/Beverage/Tobacco,electricity,electricity
4.513,4.5,0.1,10,17.0,12622.5,20.5,15215.0,196.915613,284.3480525,Unknown,electricity,electricity
4.652,4.6,0.36024844720496896,161,227.457568,10374.0,261.918768,10697.0,3662.9104959200004,5685.06218504,Unknown,electricity,electricity
4.611,4.6,0.4727272727272727,110,83.971026,3511.5,83.971026,3627.1563713522546,1561.2349816,1803.33681948,Metal/Machinery/Electronics,electricity,electricity
4.661,4.6,0.4772727272727273,44,1809.4890719999999,21614.0,1809.4890719999999,21614.0,28403.67655916,30638.07781576,Utilities,electricity,electricity
4.662,4.6,0.45454545454545453,11,593.701648,21228.0,593.701648,21228.0,9772.32912608,9772.32912608,Metal/Machinery/Electronics,electricity,electricity
