ARC,ARC_2DIGIT,n_recs,energy_frac_q75,energy_frac_q90,value_frac_q75,value_frac_q90,energy_p25,energy_median,energy_p75,current_value_median,benchmark_dollar_median,payback_median,impl_rate_hist
2.1111,2.1,17,0.054403501176900224,0.11608689770377442,0.04212327709780571,0.08177461798374258,706.0,1754.0,7764.0,9550.4,11010.0,0.33371949335804996,0.35294117647058826
2.1113,2.1,211,0.044970264376757524,0.09741113037722807,0.03532947091682409,0.08884153867787448,447.2564,1728.0,5432.5,10506.4584,10389.0,0.264082738794235,0.44549763033175355
2.1114,2.1,22,0.05940053564525168,0.2240257597894436,0.05587863112211007,0.16045419783699919,547.5,1055.0,4103.5,9509.83,7210.5,0.34602076124567,0.5
2.1116,2.1,166,0.08229627139154548,0.18320591915711038,0.060003809840594724,0.17800072391837396,538.5,1938.5,6707.0,15920.4202288,12222.0,0.713275262884475,0.3614457831325301
2.1117,2.1,17,0.07093591329221247,0.13011993159664376,0.08665798732748539,0.11685100220034302,149.489956,582.5,1681.4336,7102.26780956,10888.0,0.22961058045555,0.0
2.1121,2.1,159,0.023268479658396707,0.059742112648144594,0.02425011690741375,0.0754982769977957,108.50016,286.0,863.0,2505.09,2681.0,0.63388625592417,0.3584905660377358
2.1122,2.1,72,0.04144720338637896,0.08040829870730601,0.04011622274129259,0.08576679908379374,147.0,952.25,2495.5,5107.8211626,4622.5,0.825474919982495,0.2916666666666667
2.1123,2.1,272,0.03329032316475021,0.05056327771760848,0.021129253538878044,0.03452935386851397,106.0,215.5,545.0,1330.6299999999999,1045.5,1.2082888856012501,0.35661764705882354
2.1125,2.1,11,0.3064618684145316,0.3749088938319617,0.23115369476215347,0.4175978260869565,9495.896636000001,39997.0,160608.5,180250.0,235855.0,0.79737772806523,0.09090909090909091
2.1131,2.1,275,0.015794779528048666,0.03716382854666229,0.013150045815095258,0.03907739341320081,75.5,183.0,591.99,1316.14,1080.0,0.73142857142857,0.4509090909090909
2.1132,2.1,11,0.08107982153617378,0.1440248015349936,0.04249533358733723,0.055282233867869755,167.23474,229.503272,610.0,2466.2024712,2440.0,0.7237256935969549,0.18181818181818182
2.1133,2.1,234,0.04667364866346218,0.09928334397186431,0.03461877132205829,0.09059532576175815,333.0,1066.5,3300.0,6295.31,6734.0,0.364144989949475,0.5982905982905983
2.1134,2.1,14,0.016754843174914893,0.05424518563668832,0.005628038491765667,0.035181131908808894,61.5,89.5,1779.75,989.8700000000001,695.0,0.77720207253886,0.7857142857142857
2.1135,2.1,123,0.03140271077422346,0.08768786502228672,0.02617047460652835,0.060859578251056846,175.87154,619.707912,2218.0,4136.0,3833.0,0.28661907680077,0.6016260162601627
2.1211,2.1,22,0.04213670461970447,0.07273098447243716,0.040847389740257756,0.06324249483266271,123.70459,603.0,1707.75,6598.5650000000005,5061.0,0.90869728915665,0.36363636363636365
2.1212,2.1,83,0.05174873333931118,0.08692388011530901,0.03525637918543021,0.066044284378461,570.1,1610.0,3471.9874760000002,10060.68,8594.0,0.94864506627393,0.39759036144578314
2.1213,2.1,356,0.019907874642419894,0.05353274354602641,0.020523032912034625,0.05019404010356547,144.0,360.701226,1288.375,2414.92,1612.0,0.79312088922767,0.25280898876404495
2.1221,2.1,238,0.07970411337543802,0.15322227824542722,0.06152493603395543,0.11634352250832374,556.625,1767.0,4360.5,12320.545,10179.5,1.455,0.2605042016806723
2.1222,2.1,177,0.020501975709296322,0.03152444352654973,0.0174282727378325,0.03224850970655457,169.0,502.0,1234.0,3020.16,2117.0,0.9191701676196651,0.3050847457627119
2.1223,2.1,76,0.13996881791287907,0.22414239676361775,0.10064060412625715,0.24341010851347658,845.25,2338.8,6706.0,23044.059999999998,17062.0,1.5898251192369,0.2894736842105263
2.1224,2.1,313,0.1337158327349049,0.2918230447960868,0.10259123537144263,0.2593471220300229,835.0,2330.0,6191.0,18077.399999999998,17262.0,1.7850000000000001,0.31309904153354634
2.1231,2.1,94,0.04507255613065768,0.11961261011759627,0.031603660463423285,0.09042486871010975,340.25,866.5,2427.5,6613.3099999999995,4543.5,0.20578491109511,0.7021276595744681
2.1232,2.1,111,0.032554396080668443,0.09329339243451601,0.036615517995305796,0.09476576871725102,216.0,640.0,2508.0,5458.96,3649.0,0.589136253041365,0.6486486486486487
2.1233,2.1,2700,0.0322097239305416,0.06580184474816803,0.024380214347539897,0.05620017949774275,212.75,571.0,1574.25,3600.3450000000003,2713.5,0.39362043137703,0.6596296296296297
2.1241,2.1,83,0.01827446035347817,0.024563226600126428,0.010605572313685762,0.02053161787391955,185.5,605.0,1213.0,4253.9,4657.0,0.95913043478261,0.37349397590361444
2.1242,2.1,32,0.01688295502274975,0.029443113307569692,0.009264812207353909,0.01563430349955357,89.3,222.5,1200.25,1711.76,1712.0,1.3616905988863501,0.5625
2.1243,2.1,201,0.021409156807908766,0.05060578703154599,0.017482445778784002,0.040861397173554456,548.0,1222.0,2344.0,7310.660000000001,7043.0,1.0748157709916,0.3034825870646766
2.1311,2.1,1566,0.062399294093507716,0.16843708586457357,0.14127940239539616,0.34804165770962225,83.00031200000001,308.00124000000005,1276.999004,9318.81231298,5716.5,1.4360938247966,0.256066411238825
2.1321,2.1,251,0.17991018631026284,0.45660439773376194,0.1492122528138209,0.5133465871438039,264.795,940.0,3632.0,13749.12,14776.0,1.12,0.21912350597609562
2.1331,2.1,108,0.46651956515975557,1.0156295491892122,0.4228841461192883,0.9778922133668598,929.250288,4079.0,20085.0,46002.0,26220.42,1.2833453960595,0.3425925925925926
2.1332,2.1,77,0.3410291659171721,1.8311956039696862,0.4773496046039829,2.3880859062720345,517.0,1213.0,4924.0,27420.729072000002,8130.0,2.0349577647823,0.2857142857142857
2.1333,2.1,15,0.5343760082801743,0.6942191555523368,0.4936852051823353,0.699742924041168,2458.980086,19764.0,32501.5,104184.90000000001,27915.0,0.48502798507463,0.3333333333333333
2.1336,2.1,60,0.28792893775502226,0.5229627627342804,0.2286255079470609,0.6222524283791979,1099.731448,7000.949956,22395.561607,90687.48999999999,100562.0,1.1708587814687998,0.3
2.1392,2.1,16,0.05426138845873846,0.06461514134392017,0.033990285641448306,0.04246107713482139,703.0,1765.0,4844.5,14941.526656,13385.0,3.09016393442625,0.1875
2.2111,2.2,32,0.03416220014208639,0.1112764581383318,0.029156262098336286,0.0768878154303904,173.347681,381.25,1597.5,3470.575,1991.5,0.43067720685112,0.375
2.2113,2.2,409,0.05746209039489897,0.14407591753708687,0.04132521910314411,0.1255657986793859,624.0,1690.0,4581.7,13249.09,10200.0,0.20850749363328,0.7383863080684596
2.2114,2.2,11,0.019554218410986982,0.06161237197583737,0.03191997382038697,0.04595541507236732,173.5,608.0,2024.0,5000.8,3630.0,0.11386399578281,0.6363636363636364
2.2121,2.2,321,0.04154857410417207,0.08431304620981978,0.035162474818592804,0.07569008567673004,477.6,1488.0,4240.0,10849.630000000001,10480.0,0.81158196877842,0.48286604361370716
2.2122,2.2,311,0.009502817058493391,0.02388797686789803,0.007672375791119223,0.020029775538250118,45.0,102.0,255.0,727.65,454.0,0.645,0.5562700964630225
2.2123,2.2,132,0.006402991235282171,0.018018610240092756,0.005941935083984085,0.020903139348436243,57.8,105.95,251.7,932.61,682.0,0.79513768867381,0.5681818181818182
2.2124,2.2,14,0.13148750453822045,0.17538625810892594,0.06098810299841048,0.13322062428368991,1380.25,2874.5,5528.75,16247.2,18499.5,1.4,0.5
2.2127,2.2,22,0.026666116411473265,0.04594342745765509,0.01711811238881704,0.04691970957404107,1402.74,3414.5,4713.079057749999,16085.575,16785.5,0.81,0.4090909090909091
2.2128,2.2,22,0.03529355334451277,0.08019504501521185,0.03617972330185268,0.07084716837800273,347.5,1310.0,7495.75,8775.235,19057.5,0.42051282051282,0.5
2.2135,2.2,850,0.02996732377197608,0.07463870826875721,0.021827487124962432,0.061476584631415844,241.525,706.35,2119.75,4534.35,3914.5,0.15,0.7764705882352941
2.2136,2.2,1540,0.022107991359034913,0.055928204744426634,0.017192947241568564,0.04656662657614476,92.0,293.0,784.0,2004.1754999999998,1598.0,0.6092258748674451,0.575974025974026
2.2153,2.2,51,0.019960336472896696,0.057953927883001445,0.018789485997190755,0.04343489212179884,178.0,431.0,923.0,3389.35,2610.0,0.462096403978575,0.5490196078431373
2.2162,2.2,40,0.07115384251412776,0.12986518799746294,0.043437119918270935,0.09218242826740569,759.78416,1436.0,3306.75,12994.73,10550.5,0.4983502445434,0.325
2.2163,2.2,161,0.018413034620527367,0.03991412152950835,0.01388536776525724,0.03364772924188752,136.0,266.0,1121.0,1974.02060848,1533.0,0.45209903121636,0.4782608695652174
2.2164,2.2,12,0.021908268890651027,0.07083525473982157,0.017372828778824127,0.09759649853674468,60.142887,108.500156,766.25,1015.51949468,876.0,1.0,0.6666666666666666
2.2191,2.2,19,0.10594077232225116,0.31499909264113196,0.0874901175430013,0.219187758589396,778.0,4630.0,13243.0,21761.0,16158.0,1.039158037552775,0.21052631578947367
2.2211,2.2,186,0.050263803187305715,0.10501944585333534,0.03986357641317728,0.09515363729835315,79.74874,408.31056,1316.5,5020.4400000000005,5076.5,0.32786885245902,0.46774193548387094
2.2212,2.2,57,0.06690389704263336,0.11929688538387642,0.047080047105852105,0.12769475638244204,135.0,348.0,1029.0,3403.6,4111.0,0.37876273170391,0.45614035087719296
2.2221,2.2,21,0.03829146881384361,0.07447038171585263,0.06691254213162585,0.16231890610243735,90.0,492.99988,1500.0,5520.46836276,7697.0,1.2104283054004,0.14285714285714285
2.2222,2.2,12,0.04264419115613395,0.06393202575127215,0.021004829324561547,0.039066809952807244,59.598963999999995,376.5,1074.75,2582.52192992,3611.0,2.457264957265,0.3333333333333333
2.2223,2.2,53,0.032689782514511,0.06951028224550478,0.026864151658532193,0.0496859505782506,140.001184,308.15,1224.004,3981.52,3642.0,0.49278579356271,0.5094339622641509
2.2311,2.2,15,0.022018513562205577,0.04897906448797301,0.02070941995754904,0.0405970298493409,95.1618,424.115012,2718.3,3919.8,3094.0,1.1246361471289,0.26666666666666666
2.2312,2.2,24,0.030741612173330865,0.10043899878861882,0.022886785166089867,0.06261900290658004,177.412911,485.2,2432.75,5281.26348348,3530.0,0.497416719044625,0.3333333333333333
2.2314,2.2,71,0.09532775479986222,0.1795240713955416,0.10985597210237302,0.20253593692979746,832.669598,1621.3824,4811.0,19567.103808,25453.0,1.56,0.16901408450704225
2.2414,2.2,1884,0.06340019624876457,0.12028915156311801,0.04978991502933871,0.11195193744118576,716.0,1679.5,4670.325,10712.515,9163.5,1.3974915092134,0.18842887473460723
2.2421,2.2,18,0.05466365338573146,0.10649888591558088,0.08678159761011157,0.22953457249056666,2332.475,6748.73,13113.912,88872.3,63488.0,3.6718041704442,0.2777777777777778
2.2422,2.2,50,0.12582209085055784,0.1893308426007311,0.13730435612610004,0.338839782434203,1109.000285,3409.5,12409.75,22657.266856000002,15511.5,1.4614494887540999,0.24
2.2424,2.2,139,0.06830669960629229,0.1338094334866167,0.07004363036964234,0.15684206774935816,751.509936,2340.0,7346.25,18161.99,14148.0,1.1214028675629,0.19424460431654678
2.2425,2.2,123,0.05469753728889333,0.1406762811589619,0.045691291963951816,0.11386961223768129,555.5,1566.0,3913.5,11309.119999999999,10400.0,1.4907312049434,0.18699186991869918
2.2426,2.2,122,0.07747016581158975,0.11712550858273729,0.05640553202877879,0.13575387261062707,583.5,1388.499662,4446.25,10400.955,7924.5,1.14,0.22131147540983606
2.2427,2.2,111,0.07344996659636904,0.1340331530857581,0.06281433576402493,0.11119927454092042,673.935,1421.0,4950.045,12448.800000000001,9563.0,1.271186440678,0.25225225225225223
2.2428,2.2,39,0.08189693523561264,0.13670621966038307,0.05267827527671808,0.14497407014243918,508.55,1732.0,4981.0,8772.45,7910.0,1.1666524127075,0.3076923076923077
2.2437,2.2,3615,0.0446610283640368,0.09152159072911868,0.031679862585028556,0.07208626766561993,205.28715,500.0,1407.0,3694.04,3400.0,0.90404396223757,0.28769017980636236
2.2441,2.2,173,0.0602050043509603,0.09891289506228779,0.041272992293321584,0.08679839298657609,615.384908,1322.0,4199.00068,9332.4,8856.0,0.99041617422666,0.2774566473988439
2.2442,2.2,294,0.06611488575580857,0.12688028418286332,0.04906608893338045,0.10734328443658556,503.25,1472.5,3955.75,10518.125,8977.0,1.1220161868661,0.2108843537414966
2.2443,2.2,351,0.08333461358423355,0.1607481347973473,0.06524106159602111,0.13393087917663912,317.0,1080.0,3165.0,9254.5,7150.0,1.58413241061405,0.28774928774928776
2.2444,2.2,214,0.09060274331263438,0.2621354652532115,0.08959787721871086,0.3277387081007144,524.5,1704.5,5428.5,12508.167500000001,8873.0,1.231310466139,0.2897196261682243
2.2447,2.2,104,0.08579828075135486,0.18437226433533102,0.059889769344025345,0.15143545352892798,380.25,1195.5,3545.75,10476.08,9179.5,1.6002560409666,0.2980769230769231
2.2449,2.2,272,0.07316125978892474,0.14460497889276883,0.06612122708360949,0.13043237087362253,447.5,1274.5,4218.25,8773.485,8828.174747000001,0.971023070138795,0.24632352941176472
2.2491,2.2,38,0.04902171003516588,0.06801832262933992,0.03541900481275298,0.09100900145908783,188.909796,693.0,1271.5,5514.545,3405.5,1.50108407256975,0.18421052631578946
2.2492,2.2,113,0.10908958793762849,0.1458936652759717,0.07295408687745303,0.11913040200752523,596.3904,1653.0,3836.510804,14813.61992352,12003.0,2.2159339407745,0.1592920353982301
2.2511,2.2,4276,0.019425172738469925,0.04654994240165846,0.02186223297701812,0.05523780391669861,65.0,210.08960000000002,684.445323,2337.59867132,1817.65,0.57724957555178,0.45042095416276895
2.2514,2.2,492,0.032087499750351876,0.07577959640576569,0.029609287968591108,0.08108436672622574,105.5,378.48884,1153.5,3566.505,2885.0,0.44922680412370997,0.3617886178861789
2.2515,2.2,421,0.029958275349756373,0.07145335028044722,0.03143268030031238,0.07932595842942379,89.0,307.001524,1035.0,3705.1945248000006,3010.0,0.71858500527983,0.38004750593824227
2.2521,2.2,16,0.013996566617903662,0.031881163044863076,0.02367445589633961,0.03428471084730832,152.26189,218.924804,804.033768,3481.0196464,1708.5,1.0679611650485,0.5625
2.2522,2.2,113,0.016359286687650926,0.04623678325020352,0.018785393096457735,0.06529071767703049,63.981824,191.000348,581.0,2832.6007736,2460.0,0.685784812526355,0.4247787610619469
2.2523,2.2,144,0.028244140521793925,0.05875569405928752,0.036847383715609784,0.07032800019841737,57.994617,172.526074,485.260611,3527.01531272,2804.0,0.58100558659218,0.4722222222222222
2.2524,2.2,20,0.027563165061997862,0.04513256779438721,0.02864674852047389,0.05933120789705773,165.66966000000002,586.663566,3325.25,9569.41953328,5563.0,0.72,0.3
2.2525,2.2,19,0.033375721028996046,0.08147276051746806,0.054575546417822,0.10602856424686452,247.062734,486.0,1887.4154429,8736.002912,8129.0,0.435225533628675,0.3157894736842105
2.2531,2.2,209,0.036347602244401915,0.06959596826896873,0.03821672980539434,0.06421342381856616,130.0,320.0,785.0,3192.16,2790.0,0.68416700583367,0.42105263157894735
2.2532,2.2,72,0.06938255407377554,0.11681498987215591,0.05703941819396339,0.09010340598287037,125.999796,332.500712,1348.750018,2761.5414258399996,2394.5,0.36159826432833,0.4722222222222222
2.2533,2.2,20,0.04559173207611585,0.0654613305341106,0.03892755249054754,0.058202932856177454,139.3165,261.34605999999997,571.0327010000001,2354.5106427,2540.0550000000003,1.2084592145015,0.3
2.2611,2.2,54,0.012470607967843241,0.032575348929292015,0.029462280668825235,0.0780963198215428,69.35743,204.39586,427.25064000000003,5508.1014663999995,3033.475,0.5524861878453,0.37037037037037035
2.2612,2.2,122,0.031128833943373485,0.06683349314892573,0.08343673160998098,0.16838930566681204,153.750691,498.99988199999996,1405.434361,15058.61775198,8739.0,1.6539495438129999,0.28688524590163933
2.2614,2.2,398,0.027064365848582732,0.04823459267033099,0.05261453550411377,0.09779477966455984,145.507299,361.92107599999997,872.1890880000001,10988.049104819998,7406.224,1.4055153885662501,0.2236180904522613
2.2615,2.2,18,0.014926130186381968,0.03247342800547022,0.04109208538462908,0.08545047476561983,184.492811,309.036782,941.249674,6418.450533000001,4288.5,2.03461235481305,0.7222222222222222
2.2621,2.2,328,0.029098431967068503,0.055401519037807476,0.07292337308799893,0.13065679459712534,173.498494,446.99929599999996,1166.508208,11454.6838296,7396.0,1.9300889248181,0.3475609756097561
2.2622,2.2,303,0.06074831004872268,0.12522725921804403,0.1041231502275482,0.18337683198413188,239.925016,747.999112,2336.129866,17805.296808,17890.0,2.3391173325557,0.3564356435643564
2.2623,2.2,70,0.016857077410061202,0.031405628556766846,0.032594141154367894,0.07228444107472816,68.499312,213.891456,576.652737,5372.0717651,3968.5,0.931356093742885,0.42857142857142855
2.2624,2.2,14,0.02303852650034913,0.033753281361183815,0.0455936789507668,0.10148819270490886,282.99981,822.500132,1105.352373,20858.52111832,14138.0,1.5788434971383,0.21428571428571427
2.2625,2.2,204,0.013714947732032419,0.037442828865016146,0.024797506370225948,0.05085039661343623,49.758049,160.498774,475.847756,3704.5446411599996,2896.5,0.11337868480726,0.4264705882352941
2.2626,2.2,36,0.03682455925265185,0.0951095708755195,0.08316827054562742,0.1416205037812448,132.920431,414.69959800000004,819.500131,9112.82753576,6816.0,1.25075268667035,0.3055555555555556
2.2628,2.2,328,0.03660025791441336,0.10565097323813426,0.06518695790352014,0.16094473177323781,106.234326,362.49941,1167.85460026,8560.33844628,7443.0,1.2051455653351,0.2682926829268293
2.2691,2.2,95,0.02680851736113684,0.059516437540775124,0.04549284042144801,0.12174039817209828,124.787076,325.5048,1024.31652,8860.91561784,6054.0,1.56701660417785,0.3894736842105263
2.2692,2.2,65,0.055326018331429576,0.1182857094607832,0.0813198128443965,0.19460460774157018,211.479172,742.908408,2500.09498,15499.584580800001,16970.0,1.6572301150215,0.16923076923076924
2.2693,2.2,17,0.04824994431701049,0.05382834624475854,0.10487086784681372,0.12991508854219647,756.000252,1492.674936,7849.998636,46967.02617600001,28169.0,2.87067899158955,0.058823529411764705
2.2694,2.2,56,0.016035578288372748,0.03808719786098455,0.037032466399242035,0.05579613979532081,75.389846,212.49936,395.090834,5095.246395600001,2829.5,0.25673940949936,0.44642857142857145
2.2696,2.2,33,0.016491361692140244,0.04339206929919101,0.03004620610488395,0.051535300560337255,114.179168,299.9148,1697.702016,6727.48693968,6591.0,0.8433830845771151,0.3333333333333333
2.2711,2.2,62,0.03637924453993388,0.06952791538621614,0.03983275539214135,0.07566843040926563,76.2582,231.500468,1379.25,3260.29801576,2322.5,0.958363200046395,0.4032258064516129
2.3113,2.3,14,0.04290626192449473,0.06544864429710162,0.07107596444860881,0.2114933086012215,121.378488,870.29228896,4138.6519339999995,21086.5264058088,30164.0,5.144686688747051,0.14285714285714285
2.3131,2.3,143,0.022058673761562127,0.05144103675049987,0.04376384440285293,0.08496185915093944,61.999452000000005,164.570996,432.66207199999997,4119.21202988,4060.0,0.71994240460763,0.40559440559440557
2.3132,2.3,13,0.01234367324392698,0.028059870394998642,0.04240681901831866,0.06367833646705293,62.453248,125.998336,624.764496,3153.73835008,4552.88,0.29365588686943,0.6153846153846154
2.3136,2.3,17,0.007716406372639036,0.01793829638353372,0.018076975017621417,0.03372791625022047,15.998868,73.99945600000001,84.000028,1433.3694627200002,835.0,0.16666666666667,0.17647058823529413
2.3137,2.3,22,0.04900493686787382,0.07200295220394978,0.08916461035069037,0.23918561866490778,255.249161,563.88418,927.48699668,11017.7891716,9639.5,0.22244466688911,0.4090909090909091
2.3141,2.3,21,0.08913297499415751,0.4130137350304514,0.16409825808304587,0.6393255132015714,55.902208,127.765752,832.855552,7530.76359072,21335.0,,0.14285714285714285
2.3191,2.3,109,0.06999998785186425,0.07805555058447075,0.10541357743945834,0.1423872035112223,233.087368,785.324016,2109.243808,16490.326338400002,17445.0,0.787247052213215,0.5321100917431193
2.3192,2.3,56,0.07729879624644698,0.33491171408996123,0.1767198443732336,0.6666412821867334,69.392403,261.87100000000004,1074.033625,6099.367970000001,22254.5,2.4948968019959,0.26785714285714285
2.3212,2.3,102,0.02385408909444671,0.07027189556864749,0.05119697482149483,0.12701777870806347,73.062009,236.748444,884.109763,6765.36862,6552.0,1.8928600331877,0.24509803921568626
2.3311,2.3,16,0.09214702525010782,0.13684112659038208,0.12681751270218608,0.24556171961645357,329.821833,796.613288,1969.223858,30904.493497400003,17512.0,2.12,0.4375
2.3312,2.3,23,0.04936601090000417,0.10721206132425817,0.1312360882485706,0.20805317094125933,111.830006,564.9623720000001,1150.0009519999999,17312.14857424,14209.0,2.2066062396035,0.21739130434782608
2.3321,2.3,43,0.04401899444344855,0.3486386815627744,0.15767037712599502,0.7895130981766363,1766.9912060000001,6585.999352,13300.6584,145613.26780416,86957.0,3.0668374651496,0.11627906976744186
2.3322,2.3,29,0.14219247763754475,0.3782495213472177,0.25972567606528707,0.6431016756637382,435.869352,747.2280000000001,2702.304,27521.901696,20946.0,2.9312519122896497,0.20689655172413793
2.3411,2.3,22,0.08210433593164666,0.2198646728713899,0.09780299613563129,0.29216794399183266,1374.970319,2305.119904,3707.149089,48664.11709208001,33393.5,1.8081616676158,0.13636363636363635
2.3412,2.3,83,0.17860515467388788,0.42848748782458557,0.3671608472393322,1.0509174266880144,2743.387892,9767.999844,50922.3912,224646.08000000002,135070.0,2.6825955333003,0.0963855421686747
2.3413,2.3,65,0.20394078185489378,0.4944462634743554,0.499037649838281,0.9037294651740606,3376.24224,7472.280000000001,17410.658064,174573.20576,107574.0,3.7284416179306,0.07692307692307693
2.3414,2.3,49,0.9257387962680872,2.1476793843803565,1.5319435563053823,2.2443129901463337,4480.0003560000005,15012.8,33902.9044,310628.48000000004,224192.0,3.0461538461538,0.12244897959183673
2.3415,2.3,269,0.3741345102058644,0.7039280782429894,1.0012853526636556,1.6260078025379532,4299.00058,12045.250532,26636.999496,330127.0549954,173755.0,4.1295173274642,0.12267657992565056
2.3416,2.3,52,0.38614076183686213,0.9472216873143267,0.9861033266804374,1.6015501353840942,6343.0786,28364.116364,51748.156856999994,624596.3999985601,367207.5,3.2375666204667,0.07692307692307693
2.3417,2.3,85,0.48222103709473646,0.9457417891469715,1.1901638892828508,1.8291208240716084,5961.4464,17913.0,39851.999636,436519.69380336005,265571.32,4.02754649080815,0.11764705882352941
2.3512,2.3,34,0.01761632273029952,0.03407951893048682,0.03055347445678262,0.06385296210490982,25.477404,70.50045,227.695555,1792.572338212,1312.5,0.9041394335512,0.35294117647058826
2.4111,2.4,5347,0.005594295639885944,0.012074276438972952,0.011479119417730976,0.023567852705924756,22.000576,63.998884,183.998924,1572.9524720000002,1279.0,0.909347422448195,0.5230970637740789
2.4112,2.4,69,0.02006523095714082,0.037044559554258026,0.042484184227037196,0.06846242113704894,88.55846,169.675348,545.9200000000001,4043.7931477600005,3975.0,0.83764273875956,0.5072463768115942
2.4113,2.4,75,0.01741812326997276,0.02868941438913171,0.029858700870794674,0.0574983978204269,67.75890799999999,343.62252,975.420854,7565.3300168,5176.0,1.82569296375265,0.18666666666666668
2.4131,2.4,399,0.019582089770982247,0.052748077134638825,0.04150222567012822,0.10089277558211683,75.38643400000001,264.977626,724.741214,7593.8891392000005,5969.0,1.0,0.3508771929824561
2.4133,2.4,5633,0.010325427109530829,0.024516632057908265,0.023380533243604465,0.04950197515036998,27.998872,89.998324,276.126336,2367.7887904,1747.0,1.7477181701768498,0.600035505059471
2.4134,2.4,27,0.0760526553812235,0.21454352023513637,0.1500892884594961,0.3761506035516301,578.929394,1938.998656,4523.1775099999995,45053.07361308,22438.0,1.1974255350995,0.1111111111111111
2.4145,2.4,13,0.01876547637626605,0.0547213377529959,0.05229100671835079,0.11385664909404422,211.95344,239.11296,723.66814,11009.070488000001,8920.0,1.09,0.3076923076923077
2.4146,2.4,5059,0.026864728471282087,0.06789396411758768,0.053241833531360694,0.12207373704702587,124.56017800000001,332.011484,954.689542,10235.52341184,7624.0,1.82,0.2798972128879225
2.4151,2.4,638,0.005830037616717489,0.011253573947148935,0.010466402279282633,0.021155109190150675,45.715682,107.556476,248.983023,2482.21621552,2178.5,0.64,0.7445141065830722
2.4152,2.4,22,0.005173948350192068,0.006229887030168152,0.007915724404440145,0.013777396695260373,34.993472,94.005718,216.171525,1790.8089279,1607.5,,0.5909090909090909
2.4154,2.4,16,0.008483139822168244,0.015847707039926315,0.028179729010982896,0.03565690408460821,72.49647,125.97104,558.259498,2867.1008704000005,2669.0,0.79381775277194,0.5
2.4156,2.4,43,0.012966736388587374,0.02258602261203642,0.02068459383065202,0.028398773902167215,126.26106,321.383104,551.556624,6690.392904,6454.0,0.33068783068783,0.7209302325581395
2.4157,2.4,277,0.013527796277457664,0.024263812571653352,0.02354874759965687,0.03679462120502103,112.967908,238.3282,550.174764,5338.9720384,4482.0,0.23,0.8447653429602888
2.4221,2.4,6095,0.004523307984416888,0.00835998409657145,0.00945223977770274,0.017449262727182786,22.000576,50.999164,120.624436,1248.000416,950.0,0.55424880025575,0.4357670221493027
2.4222,2.4,116,0.011419107298413052,0.03226771167391097,0.01819444415263504,0.03899034206055044,66.81549,149.449012,388.265981,3463.2630822,3411.0,0.9606125911320951,0.45689655172413796
2.4223,2.4,55,0.022928952429691785,0.03164543766442344,0.04019219788454367,0.0697875371983806,48.22814232,116.601688,251.74588999999997,5025.96239184,3553.0,0.72,0.34545454545454546
2.4224,2.4,1048,0.021087615174447853,0.04332130396718826,0.04086973915259552,0.08346315053167537,116.501887,344.81672000000003,839.398062,8123.1800748,6453.0,0.60759017187122,0.3979007633587786
2.4225,2.4,73,0.01571892992277313,0.03157576091286164,0.0300918969612396,0.0671148423091498,112.691536,214.867288,498.8344,5011.122512,4067.0,0.750696426777855,0.3698630136986301
2.4226,2.4,935,0.02621543622767592,0.059644553443837706,0.05447393602089688,0.10904727940779424,127.74133914000001,323.00039200000003,753.799512,7788.541077839999,6494.0,1.1346027103204,0.40641711229946526
2.4227,2.4,88,0.005109149519624953,0.010912626945219994,0.009114782313146028,0.01625813407917147,32.237429,61.380174,151.43309000000002,1610.5590753800002,1405.0,0.23335633316905,0.6477272727272727
2.4231,2.4,6380,0.008441535193122936,0.017326493587242267,0.015807252914020378,0.02973352558643172,31.401488999999998,77.18404620000001,198.650905,1927.27231146,1653.0,0.0759525091276235,0.4663009404388715
2.4234,2.4,58,0.010107946489810447,0.024244772265971506,0.017648088881914322,0.03191547575008885,58.231750999999996,142.983272,397.189751,2976.37697734,2252.0,0.92787099716741,0.3793103448275862
2.4235,2.4,199,0.013225455007193236,0.03633371245160337,0.02434957198585618,0.06115003926335252,49.999448,141.34210000000002,403.027146,3159.39271648,2347.0,0.36,0.5376884422110553
2.4236,2.4,10994,0.015245789113771176,0.03218480229083157,0.028008896963415197,0.05723748398585221,55.745256,138.42825200000001,334.43741600000004,3352.42347744,2684.0,0.2027027027027,0.7369474258686556
2.4237,2.4,63,0.018535216957754168,0.04447680275585855,0.03290516678034794,0.06955805821630934,57.993764,213.000924,634.3027420000001,4502.83953336,4941.0,0.53224155578301,0.3968253968253968
2.4238,2.4,47,0.007707576106330631,0.024292222730115602,0.016475359833521587,0.03269027378709983,35.965892,103.001456,186.685874,2005.3310068000003,1786.0,0.50895856662934,0.5106382978723404
2.4239,2.4,2626,0.012950696829663651,0.030626675965905764,0.02591689267337709,0.05723357503841388,44.939452,130.822904,382.789721,3253.9131688,2852.5,0.49875311720698,0.4265041888804265
2.4311,2.4,29,0.05051804710637496,0.12710451173015724,0.06095944923649692,0.16360966315185643,94.686412,173.38078000000002,469.126116,7282.71,4582.0,0.97972972972973,0.3793103448275862
2.4312,2.4,578,0.008851637672785429,0.018465617099350025,0.019312378822584284,0.03410299901509986,31.001432,81.00088000000001,215.500214,2067.2168392000003,1500.0,0.60606060606061,0.42387543252595156
2.4313,2.4,33,0.023664134125665655,0.05809732801154544,0.03598836396487228,0.06235901095596932,42.182556,180.3078224,440.485788,4269.06126948,4668.0,0.44,0.45454545454545453
2.4314,2.4,1104,0.004828519585022168,0.009957469449396935,0.009921786471667117,0.02033184687473925,20.273251000000002,56.105222,165.44361500000002,1250.60090592,1154.5,0.53125,0.4583333333333333
2.4321,2.4,217,0.03358030373790756,0.09003965538048835,0.05093332414984115,0.11408353311492131,49.317048,246.899144,916.333544,5999.81256576,6450.0,1.62557237204185,0.46543778801843316
2.4322,2.4,1431,0.033759728087169566,0.08792852361397578,0.04937294864087522,0.12532316157561738,49.1328,194.146212,738.0718979999999,4575.601184,4285.0,1.6051364365971,0.37735849056603776
2.4323,2.4,387,0.02520625806042443,0.06670705465387455,0.03766409624281862,0.10846083066388026,74.04551800000002,196.145644,591.780876,4531.94832896,5006.0,1.22,0.3385012919896641
2.4324,2.4,213,0.02231372817640557,0.0491075229139753,0.049292235407595954,0.09914525957046412,66.100676,154.775144,619.0732800000001,5068.230200072,3680.0,1.3594080338266,0.2863849765258216
2.4325,2.4,17,0.036137551760750876,0.05176880503972633,0.0514392449131788,0.13192167134656932,88.357152,209.998364,1911.4024,4863.56211024,4792.0,1.7831503397289499,0.11764705882352941
2.5111,2.5,39,0.0939199864238945,0.1535042782751631,0.08773006534144363,0.11851948504207976,1052.5,2454.0,6844.5,14658.0,16518.0,1.8323654339202,0.2564102564102564
2.5113,2.5,21,0.3059801186175679,0.6131277306520967,0.1689068827556395,0.3638003176271018,1274.55,3215.0,5588.999304,25568.0,21456.0,3.2659125475285,0.23809523809523808
2.5115,2.5,11,0.06880419626922821,0.07332033526242779,0.04722874406266805,0.05073292956766501,42.882016,265.0,678.6491599999999,2960.63525472,2175.0,0.28,0.2727272727272727
2.5121,2.5,36,0.03233135342123839,0.057841250859358914,0.056013432408127915,0.1337587375484266,96.770291,281.655482,915.83198,8290.56931456,8670.0,0.91698894275287,0.25
2.5122,2.5,33,0.025172961718293398,0.07093216537577146,0.04738533997171707,0.09209649058524458,77.124848,200.547124,846.957348,3819.92179648,4089.0,0.623033489678245,0.5757575757575758
2.5123,2.5,125,0.03215345837852989,0.06607831227903486,0.05269405184744161,0.09752751992885023,104.4072,360.999836,895.0,7534.637712000001,5887.0,0.76653358791876,0.36
2.5125,2.5,15,0.012506074520301308,0.07094591523617995,0.03353247310109903,0.12366471544408786,67.999454,247.37,907.35316,5145.296,7607.0,2.0695187165775497,0.4
2.5191,2.5,23,0.06399234417492014,0.1531724852670771,0.05317973517858411,0.12615095339750837,968.0,3252.0,10986.0,22560.0,22584.0,1.3164687661332,0.30434782608695654
2.5192,2.5,30,0.09215858361079662,0.11448301472969413,0.06383204321982257,0.09124168805121315,2431.5,5306.5,10625.0,27337.550000000003,23829.0,0.76,0.3
2.5194,2.5,140,0.06250655584492744,0.19725883723091744,0.0820409521728156,0.2151293354256785,174.828321,597.500812,2098.750202,9979.76053362,10456.5,0.84355984200066,0.32857142857142857
2.5195,2.5,42,0.09457882063376484,0.15211597846181024,0.1667897087292387,0.21048905588126474,217.787107,1233.689824,5130.5,18253.053400560002,17049.0,0.602881638485355,0.23809523809523808
2.5196,2.5,22,0.061405539272748305,0.1734887679657931,0.11307433902610484,0.26524757367346674,130.12856200000002,386.85767799999996,2482.75,8716.69488168,6765.5,1.44583333333335,0.4090909090909091
2.6121,2.6,317,0.007581008722919234,0.015790907965517197,0.006961530900569133,0.014469957371097956,15.0,31.001432,69.0,389.15999999999997,316.0,0.431018073603625,0.6782334384858044
2.6122,2.6,37,0.024740769514641436,0.05280008053104194,0.031628523894241325,0.06862395743287815,86.44302,280.34122,793.0,5428.978029,3380.0,0.63,0.40540540540540543
2.6124,2.6,77,0.02359954305685208,0.06491321983242998,0.028078911505173148,0.058847121583193246,50.999164,165.000908,431.000428,2669.9474922000004,2158.0,0.24017467248908,0.6233766233766234
2.6125,2.6,54,0.017654083826474935,0.04604332290254966,0.019330025877341225,0.05181749479365566,31.773397000000003,132.6939595,492.0,2122.8498007999997,1916.0,0.27781350482315,0.7222222222222222
2.6127,2.6,111,0.008394493891212164,0.015939460477706422,0.011024309435293757,0.024861063153685303,21.534408,71.027604,138.47755999999998,1491.46681504,1375.0,0.4,0.6756756756756757
2.6211,2.6,619,0.0019894373919060486,0.005009589244915435,0.002915809973708306,0.005960199942794129,9.848738,16.012516,27.48366,383.73044352,345.0,1.75,0.21809369951534732
2.6212,2.6,1286,0.02001367549810326,0.04729116152344066,0.028305965893043177,0.07424518999000138,36.999728000000005,110.999184,369.250519,2342.55462788,1774.693,0.404545454545455,0.5303265940902022
2.6213,2.6,23,0.047574413502785746,0.10523597324853402,0.05186027022344589,0.09082128845601528,101.0,520.998752,5358.0,6964.95,4116.0,0.35500000000000004,0.2608695652173913
2.6214,2.6,138,0.014602388363120035,0.025156094210306536,0.006883494577305797,0.012928622142513193,31.625,60.0,128.675,343.73,298.5,0.16493852342909,0.6231884057971014
2.6215,2.6,11,0.03263208128275323,0.06755849810347295,0.027391483290624803,0.05441396474349096,92.400372,250.181488,679.5,5018.64064928,3095.0,2.13154324316335,0.45454545454545453
2.6218,2.6,2418,0.026387439070809923,0.07123768967757754,0.03747313214374692,0.10271917410709058,41.998308,165.00117799999998,497.956663,3720.3723803000003,2800.5,0.34246575342466,0.5521091811414393
2.6221,2.6,329,0.02662006281076356,0.06015995478601153,0.04782877674677248,0.08752095423768493,142.5363,344.54376,879.999156,7104.24236808,5650.0,0.29091977666765,0.5987841945288754
2.6222,2.6,61,0.04273218774946759,0.10280959994420719,0.05807831117437722,0.12477068938616938,56.50272,263.921612,1031.75468,4534.3896832,4933.0,0.47678745523519,0.5737704918032787
2.6224,2.6,13,0.012072601401921883,0.02167974442061447,0.015658934145410114,0.02273530444217152,48.1092,102.0,144.999764,1170.324,1309.0,1.6077170418006,0.38461538461538464
2.6231,2.6,1012,0.027442300133057748,0.0693543009196902,0.040997465521377875,0.09345698810558285,70.908184,206.17863,555.560606,5004.46230506,4104.5,0.52447552447552,0.3824110671936759
2.6232,2.6,1035,0.01478099070619053,0.03620584034892835,0.019514365943260815,0.04443561373401425,29.998304,84.000028,244.192358,1601.5798344,1250.0,0.5780739728108151,0.5217391304347826
2.6241,2.6,53,0.027866910851988454,0.0714855127832458,0.050665202139255336,0.07711762105463374,74.0,265.7948,667.0323520000001,4113.309304,3681.0,0.788368074977315,0.39622641509433965
2.6242,2.6,136,0.03836650312272592,0.06086773539596353,0.0503159433965486,0.12164355129699286,66.27042300000001,194.86102599999998,674.955917,4254.453576960001,3595.0,0.777009507346585,0.49264705882352944
2.7111,2.7,2230,0.01397504000850244,0.03337526740284503,0.026497742552351128,0.05808181960939309,36.002571,98.13935599999999,251.990701,2205.4248466,1942.5,0.22497910695821,0.48251121076233183
2.7121,2.7,593,0.014981812853387101,0.03768482161377931,0.023022104535481938,0.05572965776402245,31.581472,75.26872,192.000064,1674.4212576,1379.0,1.0416666666667,0.42158516020236086
2.7122,2.7,425,0.005142857142857143,0.011524475171828957,0.010462338090094232,0.025817999237135545,15.060568,42.58176,135.920432,964.5744471999999,872.0,0.52410901467505,0.48470588235294115
2.7123,2.7,186,0.042391518742378155,0.07630471146219267,0.07457824644531198,0.11882843067947946,106.500462,250.778588,546.749116,6402.7392113000005,4915.0,2.11214799200115,0.5053763440860215
2.7124,2.7,1129,0.009065886664799275,0.02112460975059899,0.01601057663360081,0.04100906311603321,24.999724,65.622996,184.99864,1431.08734652,1197.0,0.28079101896365,0.633303808680248
2.7131,2.7,190,0.013627304931667023,0.033001170790337,0.02414062256399168,0.06355759290668582,43.412582,118.488524,265.249733,3036.04739814,1973.0,0.65933014354067,0.41578947368421054
2.7132,2.7,306,0.00934679284108189,0.03568255170976866,0.020269685533645332,0.05684662444281936,28.896228,68.81321600000001,199.833163,2182.9582937600003,1553.0,0.48387096774194,0.4215686274509804
2.7133,2.7,222,0.011170667569613144,0.02795872623411057,0.02465704132449758,0.05546197657982972,32.893386,73.99945600000001,183.435944,1824.66038644,1187.0,0.625,0.49099099099099097
2.7134,2.7,1209,0.006917338855989479,0.017702322712215137,0.013423506271629134,0.03462999072200272,17.312488000000002,44.9531,122.613632,1243.42553816,1089.0,0.47904191616766,0.38875103391232424
2.7135,2.7,5966,0.007002862467078151,0.01599875619466848,0.01322147721439573,0.029365538289562943,22.11811087,53.998312,129.682443,1386.127559,1048.70461,0.97122302158273,0.3768018773047268
2.7141,2.7,140,0.024276064254309525,0.04881990866900243,0.0448356830308982,0.07720894930804352,64.481682,144.499906,487.663512,3709.55848986,3610.5,0.90464294688918,0.40714285714285714
2.7142,2.7,20052,0.01704785412727362,0.04133848557840679,0.032564039440000594,0.07474262872918708,34.00058,110.999184,325.99954,2686.1319388800002,2418.0,1.5795910130248,0.5479752643127868
2.7144,2.7,500,0.024965418858459557,0.0658533452689721,0.05834540765662752,0.1312450805760532,45.566407,114.499896,307.415229,4227.57327726,2892.5,1.20678882186725,0.44
2.7145,2.7,402,0.02253339843516067,0.040988150644841057,0.03754578531590005,0.07697935431604057,67.842502,147.34722,327.075173,3987.5334986400003,3227.5,2.1670646440053503,0.22388059701492538
2.7211,2.7,190,0.018156977813199943,0.04213015094067636,0.017487908698693953,0.04296370246907445,34.596827,93.775408,224.2751103,1658.3913404000002,1984.0,0.20975609756097502,0.6157894736842106
2.7212,2.7,73,0.029835524888252397,0.09701187478212002,0.025115233484290775,0.1044109731821545,31.2484608,81.911884,279.92048,1615.9670100800001,1284.0,0.822380536977805,0.4657534246575342
2.7221,2.7,1171,0.045631761828328614,0.09256776168874353,0.04242877572733668,0.09161438999412741,87.362838,267.72990400000003,694.87572,3139.79243976,3255.0,0.1772264067346,0.5593509820666097
2.7224,2.7,1107,0.04315412557044902,0.10447464541743291,0.0399033739271156,0.09079334453295419,75.091004,225.543664,628.5,2788.0654044,2289.0,0.42194092827004,0.4679313459801265
2.7225,2.7,13,0.01208217283373552,0.07237823882459216,0.021072999115112543,0.05672046932796279,66.98251068,167.0,1015.357984,2669.6276172,1875.0,0.2247191011236,0.3076923076923077
2.7226,2.7,543,0.05682996546884215,0.11522746248661338,0.07179795148694809,0.1413605193150574,93.292182,304.99868000000004,905.872076,5826.53605648,4940.0,1.1142846713316499,0.42357274401473294
2.7227,2.7,19,0.015893761888971535,0.02030940748496257,0.028642709383727368,0.03534013808628149,84.00002800000001,129.000896,201.499072,2576.14789312,2063.0,1.8552753136579,0.15789473684210525
2.7228,2.7,190,0.016987393313780234,0.042971647445098834,0.028224563695878512,0.05335367059914743,44.055744000000004,119.699622,299.97498900000005,2491.9845668,2357.5,1.10262148337595,0.43157894736842106
2.7229,2.7,345,0.038391547005662365,0.1285449230819242,0.04202291656142589,0.14634513171558075,76.0,264.794712,773.8416,3678.3251612800004,3434.0,0.5521809049822,0.37971014492753624
2.7231,2.7,711,0.10241625464451674,0.17207168300506817,0.059181676095374114,0.10879663384831147,403.19881599999997,906.0,2347.9992540000003,6080.0599999999995,6750.0,1.51214285714285,0.2390998593530239
2.7232,2.7,1028,0.06115537967560795,0.1270868083277165,0.0806036372996751,0.15937278699017576,91.703471,274.592642,826.093925,6005.58,6471.736,2.0233585858586,0.3521400778210117
2.7233,2.7,196,0.05758195715273988,0.14263962260975843,0.06639130619315418,0.18203249077659667,87.748963,303.5,906.321588,5349.550964,5045.0,1.4333981775366,0.32142857142857145
2.7234,2.7,101,0.11202514917584189,0.3109364839540473,0.09612731151556102,0.2531164964853076,104.240012,217.381932,888.80894,6921.6,5665.25,3.4090909090909,0.24752475247524752
2.7235,2.7,16,0.06963484217359882,0.11331670554938392,0.07257745292746767,0.11237199178609582,204.5,481.5,1161.999415,3124.875,3146.0,2.205,0.1875
2.7241,2.7,637,0.035902326031276285,0.07098242207169535,0.0594460709543172,0.11570479153260557,103.079932,321.37628,860.670176,6938.045758800001,4656.0,1.5034364261168,0.25745682888540034
2.7242,2.7,17,0.08006951051795352,0.11411323497538728,0.08925979959769687,0.3124280243718598,195.00088,949.999748,1382.433216,9263.9457664,6380.0,1.48790841086925,0.4117647058823529
2.7243,2.7,851,0.06390460657297939,0.12497991395962213,0.04937419298346185,0.09752209694896433,237.00046600000002,546.0,1151.0,4817.400000000001,3847.0,1.5170752416135,0.3008225616921269
2.7244,2.7,25,0.11400692505061168,0.1457291494167522,0.09349575791199687,0.14670950093178506,225.000928,529.998888,1334.0,7035.70471968,4790.0,1.1243851018974,0.44
2.7245,2.7,98,0.05562184496211775,0.1075559897251138,0.04240853387768327,0.07910232029178697,146.977871,424.999786,1291.206249,4356.4400000000005,3853.0,0.79877112135177,0.29591836734693877
2.7251,2.7,56,0.03177707770724472,0.05815674117129186,0.05905654873219325,0.12443223824813537,151.965362,283.49966800000004,625.729239,6451.5077803,4812.5,2.8614008941878,0.14285714285714285
2.7252,2.7,86,0.04223240804240724,0.07658035913554193,0.06608537132974697,0.12588492984149446,108.165518,438.000146,997.6687999999999,7763.538863080001,6889.5,2.5339211092947,0.19767441860465115
2.7261,2.7,2454,0.048983790632077494,0.12124798495019001,0.04068303400743967,0.09458386465284987,75.0,217.81355000000002,652.99962,2531.04042176,2035.0,0.46679010357967,0.5248573757131214
2.7262,2.7,41,0.04282896178855848,0.1380522071027261,0.06881107442409767,0.1605381808190552,100.10808,256.4118,863.04834,10658.30419536,8233.0,1.07190758173905,0.34146341463414637
2.7263,2.7,29,0.01831651069900314,0.02553886832496896,0.026000814895120336,0.06861981420850544,50.982104,144.047816,602.999348,3620.57446816,3416.0,1.787203622066,0.41379310344827586
2.7264,2.7,43,0.03547779901580339,0.06924806047692747,0.033051688316791214,0.05689489889517479,96.313356,186.151896,380.651578,2824.14,2957.0,0.9619148936169999,0.46511627906976744
2.7271,2.7,10,0.10452274800204232,0.20327669956174194,0.1106560362790022,0.2169562088395801,130.95000100000001,468.999872,2221.0002569999997,11682.78681152,11299.5,1.36344041128935,0.1
2.7272,2.7,51,0.015470295327583938,0.03169735824851438,0.019668218838996367,0.05172000583290441,13.598526,62.808096,236.63926,1505.1305102400001,1787.0,1.2865090403338,0.5098039215686274
2.7273,2.7,37,0.08259950622772011,0.21483947046339036,0.14013504829162843,0.1944597855647653,304.869024,1600.999112,3843.4748,25547.731154519995,28585.0,1.07,0.21621621621621623
2.7291,2.7,50,0.09989257280632788,0.2475263381870658,0.06448148453680336,0.1581438789730594,92.50785,451.26231088,1546.424316,4480.591265296,3761.5,0.42,0.42
2.7292,2.7,59,0.07740003653243896,0.1553625583059608,0.1002551149818103,0.14250702356231362,128.49592,472.019492,1224.7629900000002,7996.56188076,5477.0,0.36667009744802004,0.2542372881355932
2.7293,2.7,15,0.07115774163033572,0.1499211601121804,0.08367740276952375,0.1157274249093384,104.886586,580.285664,1481.787442,5492.1574974800005,7334.0,1.98,0.06666666666666667
2.7311,2.7,77,0.02531037961928005,0.07477653698414101,0.023522565358692345,0.07357160845219661,93.01112,243.27104,823.708864,3784.42,3786.18,0.225,0.42857142857142855
2.7312,2.7,145,0.07417193107229778,0.13200617644216414,0.04988765720534871,0.10708175829551299,193.93920596,536.0,1347.6,4692.3572,3844.0,0.461484024117065,0.3448275862068966
2.7313,2.7,161,0.08335121805642662,0.1603435228721273,0.06659610579280895,0.1317231301543578,405.212532,1134.0,2440.0,9624.39,10016.0,1.12,0.2546583850931677
2.7314,2.7,638,0.04867167718990167,0.1019102596189878,0.04388886842247554,0.09439270138691094,143.00030800000002,408.24170200000003,1123.16196,5295.39301718,3724.0,0.54,0.4043887147335423
2.7316,2.7,94,0.04018181610237656,0.06900869818856441,0.030136766869036883,0.06635429130551278,76.499167,310.73534800000004,604.0784610000001,3731.97413808,2865.5,0.36209553158706,0.5
2.7421,2.7,30,0.05980504462410639,0.12949662517691946,0.049852321055437784,0.08124044452576891,66.750006,273.00061800000003,733.5,2430.0946069,1657.0,1.3517666358055,0.43333333333333335
2.7422,2.7,44,0.012349039698396822,0.026721756112126627,0.01566836824319863,0.037341479101924105,17.951385000000002,60.500158,120.250822,1146.62262844,737.0,2.0463847203274,0.4318181818181818
2.7423,2.7,85,0.023027040579721204,0.10043315948169415,0.030115349115874743,0.06416351508768404,30.237144,71.501872,203.91818,1515.4178267200002,1650.0,2.1,0.18823529411764706
2.7424,2.7,18,0.01942389528377207,0.0952968673157742,0.023194347174540834,0.17348223106459768,11.250217000000001,64.867238,175.527781,1680.17839344,1413.0,1.7361111111111,0.4444444444444444
2.7425,2.7,259,0.05354295444241208,0.09944534234882024,0.07142162180360964,0.13631421496581828,131.52065800000003,275.3484,788.518318,5718.3236576,7887.0,2.16,0.40540540540540543
2.7441,2.7,87,0.04766938710760085,0.10531646330348357,0.036724221180807426,0.09151863879712675,93.0,218.999716,585.0,1941.1,1423.0,0.334168351737565,0.5517241379310345
2.7442,2.7,223,0.03179690378648929,0.06486403052134682,0.032427038851269754,0.07297660620410035,68.999728,230.95280400000001,588.500446,2787.84,2209.0,0.5644273127753301,0.5964125560538116
2.7444,2.7,401,0.02645455226483769,0.06108022768710277,0.017218767385743187,0.04527711519573453,25.7,106.0,372.000604,814.0,844.06,0.48192771084337,0.4837905236907731
2.7446,2.7,35,0.021314400436393308,0.03430058445283742,0.017983000333248768,0.032602525424326866,50.153264,158.0,354.42711599999996,1650.5009539200003,1291.0,0.995881227317695,0.37142857142857144
2.7447,2.7,1766,0.04351138261878804,0.09439807013844649,0.03346459140358225,0.07729427306067546,81.1,257.0,649.779838,2223.6207562199997,1897.5,0.91237830319889,0.4337485843714609
2.7491,2.7,424,0.07546590297229124,0.13894924459117516,0.06950541361728492,0.17280933385495825,107.3325,362.499776,1186.5,4237.93,4027.0,1.7516339869281,0.24528301886792453
2.7492,2.7,435,0.07468572896045314,0.16092244246142287,0.05362121806192256,0.12340411748122647,80.000712,264.2,893.931482,2383.55,1962.0,2.0696821062011,0.4
2.7493,2.7,82,0.04488806618246714,0.0943628955814828,0.0484623899697957,0.10796302546626084,39.025576,78.53228,217.2253,1309.26464028,1478.5,4.3910891089109,0.17073170731707318
2.7494,2.7,153,0.05703669150587544,0.11115343741124824,0.03771609570165944,0.08335144454982789,127.0,257.0,895.0,1952.72,1206.0,1.5421965317919,0.38562091503267976
2.7495,2.7,37,0.047114074967914504,0.1407405139554014,0.020405211758151034,0.09138163315644343,64.0,167.0,581.0,2590.3830191616007,2866.0,2.13,0.2972972972972973
2.7496,2.7,134,0.05018659450635814,0.08178033295664777,0.060698605332205384,0.11555825045481453,74.01317165,236.716134,800.8149579999999,4637.46869396,5043.0,0.934847631019985,0.3208955223880597
2.8114,2.8,31,0.06990159879967878,0.19802604916545546,0.09881296516358636,0.45016689089758155,8.499292,776.4006,1499.000248,6678.7,14551.0,0.7256277119839449,0.3225806451612903
2.8117,2.8,12,0.049999999999999996,0.05000024809016515,0.027934846634820255,0.07949270453084828,111.864126,250.758116,1453.0459999999998,4325.18679288,4860.5,,0.5
2.8121,2.8,15,3.381415432789734e-05,0.00021644030841304652,1.1154116201972546e-05,2.6138067417504796e-05,0.295,1.0,1.0,4.7,3213.0,0.099794238683128,0.6666666666666666
2.8223,2.8,15,0.14050274742930324,0.2142501257023429,0.19516493360699164,0.23573648543218434,229.0,861.0,1564.0,16570.4,18916.0,1.41460511273232,0.4
2.8226,2.8,38,0.2004790220232761,0.2786349380290157,0.22513451388961447,0.4506019176559979,212.16,430.234218,947.484636,9581.27175,11948.5,3.4226666054709,0.2631578947368421
2.8227,2.8,72,0.07260841923963184,0.17247237545790456,0.10963163281559635,0.174023036148795,277.92499999999995,562.95,1462.3000000000002,11641.880432832,11418.65,3.6,0.125
2.9111,2.9,24,0.050907135629292485,0.13204008609427564,0.042593301916816206,0.09583011299113967,228.5,363.0,590.5,2381.2799999999997,4383.0,7.2857142857143,0.0
2.9112,2.9,99,0.05098059403225727,0.17665288400723203,0.052139884309942375,0.17279392554753495,61.85,344.67341600000003,979.5,2625.28,4071.0,4.3768834313386495,0.16161616161616163
2.9113,2.9,49,0.1537676577469617,0.29880287500897007,0.20215648444390408,0.38755333317071655,1156.398452,1760.615884,2631.0,32955.25736552,40764.0,2.98,0.10204081632653061
2.9114,2.9,1452,0.26524859748496143,0.4873022019650204,0.3686501768985959,0.7132586740196768,687.746604,1496.081818,2998.0774850000003,42622.568257845,45782.5,8.379999999999999,0.1246556473829201
2.9121,2.9,28,0.38364009618487405,0.976603773236926,0.8080328595889864,1.0628862219883413,788.58144,4744.169338,19068.739935999998,111030.52867920001,145054.5,4.6807713911253,0.14285714285714285
2.9141,2.9,12,0.6776080177243107,0.8297986479174538,0.6286747720766865,0.6664572878843559,8507.7018,10781.640678,19877.8111584,144769.80677286,424348.38,0.79,0.3333333333333333
3.1161,3.1,84,0.02961101530904369,0.10010997773944527,0.03494739260123986,0.12004687163585405,21.28235,175.119194,996.5772179999999,3007.3562995800003,3583.5,0.14264404675063,0.32142857142857145
3.1191,3.1,119,0.04881368053941561,0.1995798413700562,0.06727104583763999,0.22007873585941184,84.84383,337.743644,1064.0,5977.414560000001,10228.0,1.08633782656985,0.3025210084033613
3.1192,3.1,23,0.05848052918862109,0.08685425901913407,0.13043380936439875,0.26159097710228657,296.99924599999997,818.480796,1342.254984,11999.19460536,24055.0,1.06,0.6086956521739131
3.2176,3.2,12,0.009829771590433122,0.021625409200673372,0.01229667355944562,0.028881352560765423,95.140208,392.4995,3708.5,7384.206307320001,10687.5,0.755,0.16666666666666666
3.3131,3.3,10,0.006320993653607493,0.023828081054897435,0.008567825032108513,0.0425280139368939,15.747233000000001,51.918698,174.249622,1233.56507994,17201.0,0.690499922240605,0.5
3.4111,3.4,47,0.051987521929512476,0.11454211760358446,0.06712333887896339,0.13561018082558046,135.999884,703.0,1857.5,6988.800000000001,9734.0,1.1333365052848499,0.2978723404255319
3.4114,3.4,17,0.02054555211269852,0.06902315279066558,0.07117573655967745,0.11563108850866732,70.857004,356.243508,956.7248,7409.8649664,19457.0,1.0084625790417,0.17647058823529413
3.4115,3.4,74,0.011761101398176026,0.04279819185377964,0.018078827514346946,0.06256701338137688,14.999152,77.500168,382.74963,1352.58014378,7472.5,0.653190535912175,0.43243243243243246
3.4151,3.4,106,0.028057623479979768,0.13187142550614678,0.027256725427736828,0.11301256663992748,48.000004000000004,205.5,974.4993610000001,2623.90241152,4218.0,0.53921317630995,0.3584905660377358
3.4154,3.4,68,0.018487969280192015,0.029002856338809092,0.0174878501051418,0.03452117161426318,51.49916,156.5,523.5,1662.87067694,1707.5,0.189007036822685,0.7058823529411765
3.4156,3.4,26,0.026149425103609986,0.05930960344494883,0.019651438468886513,0.03427859919879518,63.49965,220.00046600000002,616.325,1578.182528,3213.5,0.33135278827396497,0.38461538461538464
3.4157,3.4,10,0.0189833771837751,0.025732626166454768,0.05075436166746335,0.06673558327927898,116.500181,324.00020800000004,971.2502730000001,6430.8987032,14050.5,1.2873326467559,0.3
3.5311,3.5,12,0.08430221436036084,0.10466769541243032,0.10643830559281614,0.3245563379345998,255.250149,1078.42231,2316.7725,12995.858400000001,48752.5,1.1731030922998,0.16666666666666666
3.6121,3.6,12,0.43791441564536027,0.48005225977729893,0.30569744934544296,0.3875146411348336,1346.0,3485.5,4509.0,25894.015,17087.0,2.1978021978022,0.0
3.6122,3.6,11,0.3444847837687057,0.3935345956378213,0.20032254759751966,0.3544773254603899,2224.0,5400.0,10373.0,31644.0,26471.0,1.5688535534381,0.0
3.6123,3.6,55,0.454274608571437,0.9479297950617998,0.42952190732218976,1.0473653624952415,830.0319999999999,3200.0,10176.0,24334.300900000002,19294.0,2.25212386177145,0.16363636363636364
3.6124,3.6,100,0.02555855259237545,0.05691249749352886,0.01491569101944831,0.054488021242486834,92.75,212.5,437.89,1390.92,2445.0,1.3474850023073,0.11
3.6192,3.6,11,0.09265867221103566,0.22911108400373928,0.15847294190364275,0.4258473768312498,163.08507,415.00156,4463.299136,4985.75,28500.0,0.58333868060457,0.09090909090909091
3.6193,3.6,14,0.017643487996068158,0.061676020562800624,0.02721778696663315,0.033975044067547595,40.229181,162.580094,652.770212,3163.3999168,6070.0,1.30424655004535,0.14285714285714285
3.7311,3.7,14,0.034098296163039714,0.07087077877202767,0.029550770848116654,0.1511212477353558,38.99916,333.880964,928.313487,5112.00878636,5155.5,0.0559934230161432,0.35714285714285715
3.7312,3.7,72,0.015482265245506105,0.030408099962047137,0.03171856339171298,0.05366618847456423,57.709715,128.81323600000002,278.629038,2957.8190411,2043.56,0.94976162633804,0.6111111111111112
4.111,4.1,74,0.0634070664479537,0.18010805742001584,0.09886797649429416,0.3089121786934442,67.106363,326.992432,1495.358696,7667.349608500001,38895.0,0.96055327868852,0.33783783783783783
4.114,4.1,24,0.31177108206185666,0.3722552978017078,0.37909163865232176,0.7543700173995671,429.941978,3649.999532,17506.0,22649.54,61372.5,1.1,0.2916666666666667
4.122,4.1,13,0.025414044770262285,0.03933627346768808,0.04262815604642456,0.0710142588983579,96.88374,310.0,589.5936,6376.1490688,126337.0,0.165050803015405,0.38461538461538464
4.131,4.1,15,0.03464726265269116,0.08690894492985235,0.06202901389919138,0.13426465310682204,102.620988,580.3402560000001,3542.39746,13376.842900800002,38254.0,1.47342696629215,0.26666666666666666
4.132,4.1,21,0.045142725038523145,0.25247967408106875,0.07445556184088667,0.21377624775153461,157.419444,493.429792,1196.0,5960.142333600001,22619.0,0.46887824104028497,0.3333333333333333
4.424,4.4,17,0.01141216744913928,0.02703482111203563,0.022475162342692905,0.03666432253960799,71.853308,154.147336,361.153376,3839.81013976,5448.08,2.04,0.4117647058823529
4.431,4.4,26,0.028158939172526154,0.04372365868687193,0.04378485588063225,0.11439329437579102,10.378451,238.787114,1293.17975,6990.77757052,30944.5,0.08315141843227,0.34615384615384615
4.445,4.4,17,0.044137280508805624,0.630738478154769,0.0707853347540285,0.7456908598289018,82.973016,250.068892,571.1796,4843.83443804,102400.0,1.281937936522,0.4117647058823529
4.452,4.4,12,0.14859012344176706,0.1703812433220965,0.16389840372503142,0.30105712979471083,288.51019,480.987934,818.87166,13561.070360560001,17449.0,0.0337595153443188,0.4166666666666667
4.454,4.4,30,0.06269714143039923,0.1597694078881243,0.11023569551252499,0.23661548284908207,266.534351,442.483162,1283.436921,11841.36034896,8927.595,0.06,0.43333333333333335
4.512,4.5,39,0.09580759670369773,0.2122013959752028,0.11707020090424848,0.2311544833161765,242.55737399999998,746.38648,1507.45599,12503.94208,16230.0,0.28,0.41025641025641024
4.513,4.5,10,0.010556269306630669,0.029949224267786054,0.010501745107214806,0.03312280005577198,10.824853000000001,20.5,128.9194,284.0402901,12622.5,1.9230769230769,0.1
4.514,4.5,18,0.06838764012962224,0.0882699015789141,0.07076048432823064,0.09423675681297772,59.41998,293.947898,696.470235,5514.8184,31083.750999,0.851690001166725,0.2222222222222222
4.611,4.6,114,0.021351851217531744,0.08372762443733074,0.020306980659610722,0.08481391965193065,27.318178,83.971026,251.072873,1803.33681948,3310.0,0.19342359767892,0.4824561403508772
4.652,4.6,157,0.04666871650898313,0.13559099378397646,0.04955498049099312,0.16111528351734894,39.210704,270.923036,1137.001232,5830.03598372,10208.0,1.3325296892576,0.35668789808917195
4.661,4.6,44,0.09999998968689486,0.10000001240486135,0.1241779073394051,0.22348062954877823,569.010744,1809.4890719999999,3852.18212,30638.07781576,21614.0,,0.4772727272727273
4.662,4.6,14,0.08952136459363069,0.09932417458568048,0.08316897446676672,0.12641628121607526,159.31258,418.850824,1923.81355,6527.11993516,13360.5,,0.42857142857142855
